ISO-10303-21;
HEADER;
/* Generated by software containing ST-Developer
 * from STEP Tools, Inc. (www.steptools.com) 
 */

FILE_DESCRIPTION(
/* description */ (''),
/* implementation_level */ '2;1');

FILE_NAME(
/* name */ 'HUB75_enclosure_top.step',
/* time_stamp */ '2026-10-06T16:02:23-04:00',
/* author */ (''),
/* organization */ (''),
/* preprocessor_version */ 'ST-DEVELOPER v20.2',
/* originating_system */ 'Autodesk Translation Framework v15.15.0.0',
/* authorisation */ '');

FILE_SCHEMA (('AUTOMOTIVE_DESIGN { 1 0 10303 214 3 1 1 }'));
ENDSEC;

DATA;
#10=MECHANICAL_DESIGN_GEOMETRIC_PRESENTATION_REPRESENTATION('',(#13),#2587);
#11=SHAPE_REPRESENTATION_RELATIONSHIP('SRR','None',#2594,#12);
#12=ADVANCED_BREP_SHAPE_REPRESENTATION('',(#14),#2586);
#13=STYLED_ITEM('',(#2603),#14);
#14=MANIFOLD_SOLID_BREP('MainBody',#1062);
#15=FACE_BOUND('',#311,.T.);
#16=FACE_BOUND('',#313,.T.);
#17=FACE_BOUND('',#315,.T.);
#18=FACE_BOUND('',#317,.T.);
#19=FACE_BOUND('',#327,.T.);
#20=FACE_BOUND('',#335,.T.);
#21=FACE_BOUND('',#336,.T.);
#22=FACE_BOUND('',#337,.T.);
#23=FACE_BOUND('',#338,.T.);
#24=FACE_BOUND('',#350,.T.);
#25=FACE_BOUND('',#355,.T.);
#26=FACE_BOUND('',#367,.T.);
#27=FACE_BOUND('',#368,.T.);
#28=FACE_BOUND('',#369,.T.);
#29=FACE_BOUND('',#370,.T.);
#30=FACE_BOUND('',#371,.T.);
#31=FACE_BOUND('',#372,.T.);
#32=FACE_BOUND('',#373,.T.);
#33=FACE_BOUND('',#374,.T.);
#34=FACE_BOUND('',#375,.T.);
#35=FACE_BOUND('',#376,.T.);
#36=FACE_BOUND('',#377,.T.);
#37=FACE_BOUND('',#378,.T.);
#38=FACE_BOUND('',#379,.T.);
#39=LINE('',#1559,#93);
#40=LINE('',#1599,#94);
#41=LINE('',#1639,#95);
#42=LINE('',#1799,#96);
#43=LINE('',#1803,#97);
#44=LINE('',#1807,#98);
#45=LINE('',#1811,#99);
#46=LINE('',#1830,#100);
#47=LINE('',#1836,#101);
#48=LINE('',#1873,#102);
#49=LINE('',#1910,#103);
#50=LINE('',#1947,#104);
#51=LINE('',#1994,#105);
#52=LINE('',#1998,#106);
#53=LINE('',#2003,#107);
#54=LINE('',#2007,#108);
#55=LINE('',#2014,#109);
#56=LINE('',#2017,#110);
#57=LINE('',#2020,#111);
#58=LINE('',#2023,#112);
#59=LINE('',#2026,#113);
#60=LINE('',#2027,#114);
#61=LINE('',#2031,#115);
#62=LINE('',#2032,#116);
#63=LINE('',#2033,#117);
#64=LINE('',#2037,#118);
#65=LINE('',#2040,#119);
#66=LINE('',#2044,#120);
#67=LINE('',#2049,#121);
#68=LINE('',#2055,#122);
#69=LINE('',#2059,#123);
#70=LINE('',#2062,#124);
#71=LINE('',#2065,#125);
#72=LINE('',#2066,#126);
#73=LINE('',#2069,#127);
#74=LINE('',#2073,#128);
#75=LINE('',#2077,#129);
#76=LINE('',#2081,#130);
#77=LINE('',#2096,#131);
#78=LINE('',#2099,#132);
#79=LINE('',#2100,#133);
#80=LINE('',#2103,#134);
#81=LINE('',#2107,#135);
#82=LINE('',#2108,#136);
#83=LINE('',#2174,#137);
#84=LINE('',#2214,#138);
#85=LINE('',#2254,#139);
#86=LINE('',#2294,#140);
#87=LINE('',#2334,#141);
#88=LINE('',#2374,#142);
#89=LINE('',#2414,#143);
#90=LINE('',#2478,#144);
#91=LINE('',#2542,#145);
#92=LINE('',#2582,#146);
#93=VECTOR('',#1239,5.25);
#94=VECTOR('',#1242,5.25);
#95=VECTOR('',#1245,5.25);
#96=VECTOR('',#1258,2.1);
#97=VECTOR('',#1263,2.1);
#98=VECTOR('',#1268,2.1);
#99=VECTOR('',#1273,2.1);
#100=VECTOR('',#1298,2.18499952122928);
#101=VECTOR('',#1305,4.00000000000001);
#102=VECTOR('',#1308,4.00000000000001);
#103=VECTOR('',#1311,4.00000000000001);
#104=VECTOR('',#1314,4.00000000000001);
#105=VECTOR('',#1327,10.);
#106=VECTOR('',#1330,10.);
#107=VECTOR('',#1335,10.);
#108=VECTOR('',#1338,10.);
#109=VECTOR('',#1347,10.);
#110=VECTOR('',#1350,10.);
#111=VECTOR('',#1353,10.);
#112=VECTOR('',#1356,10.);
#113=VECTOR('',#1359,10.);
#114=VECTOR('',#1360,10.);
#115=VECTOR('',#1363,10.);
#116=VECTOR('',#1364,10.);
#117=VECTOR('',#1365,10.);
#118=VECTOR('',#1370,2.00000000000001);
#119=VECTOR('',#1373,10.);
#120=VECTOR('',#1376,10.);
#121=VECTOR('',#1381,10.);
#122=VECTOR('',#1388,10.);
#123=VECTOR('',#1391,10.);
#124=VECTOR('',#1394,10.);
#125=VECTOR('',#1397,10.);
#126=VECTOR('',#1398,10.);
#127=VECTOR('',#1401,10.);
#128=VECTOR('',#1406,10.);
#129=VECTOR('',#1413,10.);
#130=VECTOR('',#1418,2.00000000000001);
#131=VECTOR('',#1439,10.);
#132=VECTOR('',#1442,10.);
#133=VECTOR('',#1443,10.);
#134=VECTOR('',#1446,10.);
#135=VECTOR('',#1451,10.);
#136=VECTOR('',#1452,10.);
#137=VECTOR('',#1459,5.25);
#138=VECTOR('',#1462,5.25);
#139=VECTOR('',#1465,5.25);
#140=VECTOR('',#1468,5.25);
#141=VECTOR('',#1471,5.25);
#142=VECTOR('',#1474,5.25);
#143=VECTOR('',#1477,5.25);
#144=VECTOR('',#1480,5.25);
#145=VECTOR('',#1483,5.25);
#146=VECTOR('',#1486,5.25);
#147=B_SPLINE_CURVE_WITH_KNOTS('',3,(#1523,#1524,#1525,#1526,#1527,#1528,
#1529,#1530,#1531,#1532,#1533,#1534,#1535,#1536,#1537,#1538,#1539,#1540,
#1541,#1542,#1543,#1544,#1545,#1546,#1547,#1548),.UNSPECIFIED.,.F.,.F.,
(4,2,2,2,2,2,2,2,2,2,2,2,4),(0.,0.197767197133745,0.39553439426749,0.593301589911163,
0.791068785554836,0.988835981198511,1.18660317684219,1.38437037397593,1.58213757110967,
1.77990476824342,1.97767196537716,2.17543916102084,2.37320635666451),
 .UNSPECIFIED.);
#148=B_SPLINE_CURVE_WITH_KNOTS('',3,(#1549,#1550,#1551,#1552,#1553,#1554,
#1555,#1556,#1557,#1558),.UNSPECIFIED.,.F.,.F.,(4,2,2,2,4),(2.37320635666451,
2.57097355230818,2.76874074795186,2.9665079450856,3.16427514221934),
 .UNSPECIFIED.);
#149=B_SPLINE_CURVE_WITH_KNOTS('',3,(#1563,#1564,#1565,#1566,#1567,#1568,
#1569,#1570,#1571,#1572,#1573,#1574,#1575,#1576,#1577,#1578,#1579,#1580,
#1581,#1582,#1583,#1584,#1585,#1586,#1587,#1588),.UNSPECIFIED.,.F.,.F.,
(4,2,2,2,2,2,2,2,2,2,2,2,4),(0.,0.197767197133744,0.395534394267488,0.593301589911161,
0.791068785554833,0.988835981198508,1.18660317684218,1.38437037397593,1.58213757110967,
1.77990476824341,1.97767196537716,2.17543916102083,2.37320635666451),
 .UNSPECIFIED.);
#150=B_SPLINE_CURVE_WITH_KNOTS('',3,(#1589,#1590,#1591,#1592,#1593,#1594,
#1595,#1596,#1597,#1598),.UNSPECIFIED.,.F.,.F.,(4,2,2,2,4),(2.37320635666451,
2.57097355230818,2.76874074795185,2.9665079450856,3.16427514221934),
 .UNSPECIFIED.);
#151=B_SPLINE_CURVE_WITH_KNOTS('',3,(#1603,#1604,#1605,#1606,#1607,#1608,
#1609,#1610,#1611,#1612,#1613,#1614,#1615,#1616,#1617,#1618,#1619,#1620,
#1621,#1622,#1623,#1624,#1625,#1626,#1627,#1628),.UNSPECIFIED.,.F.,.F.,
(4,2,2,2,2,2,2,2,2,2,2,2,4),(0.,0.197767197133743,0.395534394267486,0.59330158991116,
0.791068785554835,0.98883598119851,1.18660317684219,1.38437037397593,1.58213757110967,
1.77990476824342,1.97767196537716,2.17543916102083,2.37320635666451),
 .UNSPECIFIED.);
#152=B_SPLINE_CURVE_WITH_KNOTS('',3,(#1629,#1630,#1631,#1632,#1633,#1634,
#1635,#1636,#1637,#1638),.UNSPECIFIED.,.F.,.F.,(4,2,2,2,4),(2.37320635666451,
2.57097355230818,2.76874074795186,2.9665079450856,3.16427514221934),
 .UNSPECIFIED.);
#153=B_SPLINE_CURVE_WITH_KNOTS('',3,(#1643,#1644,#1645,#1646,#1647,#1648,
#1649,#1650,#1651,#1652,#1653,#1654,#1655,#1656,#1657,#1658,#1659,#1660),
 .UNSPECIFIED.,.F.,.F.,(4,2,2,2,2,2,2,2,4),(0.,0.0828169998940099,0.16563399978802,
0.249786235701012,0.333938471614005,0.417985499457581,0.502032527301157,
0.584838731655306,0.667644936009454),.UNSPECIFIED.);
#154=B_SPLINE_CURVE_WITH_KNOTS('',3,(#1661,#1662,#1663,#1664,#1665,#1666,
#1667,#1668,#1669,#1670,#1671,#1672,#1673,#1674,#1675,#1676,#1677,#1678),
 .UNSPECIFIED.,.F.,.F.,(4,2,2,2,2,2,2,2,4),(0.667644936009454,0.750451140363604,
0.833257344717754,0.917304372561329,1.0013514004049,1.0855036363179,1.16965587223089,
1.2524728721249,1.33528987201891),.UNSPECIFIED.);
#155=B_SPLINE_CURVE_WITH_KNOTS('',3,(#1682,#1683,#1684,#1685,#1686,#1687,
#1688,#1689,#1690,#1691,#1692,#1693,#1694,#1695,#1696,#1697,#1698,#1699),
 .UNSPECIFIED.,.F.,.F.,(4,2,2,2,2,2,2,2,4),(0.,0.0828498828163185,0.165699765632637,
0.24892346770963,0.332147169786623,0.415428113071619,0.498709056356614,
0.581564684886,0.664420313415385),.UNSPECIFIED.);
#156=B_SPLINE_CURVE_WITH_KNOTS('',3,(#1700,#1701,#1702,#1703,#1704,#1705,
#1706,#1707,#1708,#1709,#1710,#1711,#1712,#1713,#1714,#1715,#1716,#1717),
 .UNSPECIFIED.,.F.,.F.,(4,2,2,2,2,2,2,2,4),(0.664420313415385,0.74727594194477,
0.830131570474154,0.91341251375915,0.996693457044146,1.07991715912114,1.16314086119813,
1.24599074401445,1.32884062683077),.UNSPECIFIED.);
#157=B_SPLINE_CURVE_WITH_KNOTS('',3,(#1721,#1722,#1723,#1724,#1725,#1726,
#1727,#1728,#1729,#1730,#1731,#1732,#1733,#1734,#1735,#1736,#1737,#1738),
 .UNSPECIFIED.,.F.,.F.,(4,2,2,2,2,2,2,2,4),(0.,0.0828498828163185,0.165699765632637,
0.24892346770963,0.332147169786623,0.415428113071618,0.498709056356613,
0.581564684885999,0.664420313415385),.UNSPECIFIED.);
#158=B_SPLINE_CURVE_WITH_KNOTS('',3,(#1739,#1740,#1741,#1742,#1743,#1744,
#1745,#1746,#1747,#1748,#1749,#1750,#1751,#1752,#1753,#1754,#1755,#1756),
 .UNSPECIFIED.,.F.,.F.,(4,2,2,2,2,2,2,2,4),(0.664420313415385,0.74727594194477,
0.830131570474156,0.913412513759151,0.996693457044147,1.07991715912114,
1.16314086119813,1.24599074401445,1.32884062683077),.UNSPECIFIED.);
#159=B_SPLINE_CURVE_WITH_KNOTS('',3,(#1760,#1761,#1762,#1763,#1764,#1765,
#1766,#1767,#1768,#1769,#1770,#1771,#1772,#1773,#1774,#1775,#1776,#1777),
 .UNSPECIFIED.,.F.,.F.,(4,2,2,2,2,2,2,2,4),(0.,0.0828169998940108,0.165633999788022,
0.249786235701014,0.333938471614006,0.417985499457581,0.502032527301156,
0.584838731655306,0.667644936009456),.UNSPECIFIED.);
#160=B_SPLINE_CURVE_WITH_KNOTS('',3,(#1778,#1779,#1780,#1781,#1782,#1783,
#1784,#1785,#1786,#1787,#1788,#1789,#1790,#1791,#1792,#1793,#1794,#1795),
 .UNSPECIFIED.,.F.,.F.,(4,2,2,2,2,2,2,2,4),(0.667644936009456,0.750451140363605,
0.833257344717755,0.91730437256133,1.00135140040491,1.0855036363179,1.16965587223089,
1.2524728721249,1.33528987201891),.UNSPECIFIED.);
#161=B_SPLINE_CURVE_WITH_KNOTS('',3,(#1837,#1838,#1839,#1840,#1841,#1842,
#1843,#1844,#1845,#1846,#1847,#1848,#1849,#1850,#1851,#1852,#1853,#1854,
#1855,#1856,#1857,#1858,#1859,#1860,#1861,#1862,#1863,#1864,#1865,#1866,
#1867,#1868,#1869,#1870),.UNSPECIFIED.,.T.,.F.,(4,2,2,2,2,2,2,2,2,2,2,2,
2,2,2,2,4),(0.,0.150551116430795,0.30110223286159,0.453839356095283,0.606576479328976,
0.759661429235934,0.912746379142892,1.06333322070075,1.21392006225861,1.36450690381646,
1.51509374537432,1.66817869528128,1.82126364518823,1.97400076842193,2.12673789165562,
2.27728900808642,2.42784012451721),.UNSPECIFIED.);
#162=B_SPLINE_CURVE_WITH_KNOTS('',3,(#1874,#1875,#1876,#1877,#1878,#1879,
#1880,#1881,#1882,#1883,#1884,#1885,#1886,#1887,#1888,#1889,#1890,#1891,
#1892,#1893,#1894,#1895,#1896,#1897,#1898,#1899,#1900,#1901,#1902,#1903,
#1904,#1905,#1906,#1907),.UNSPECIFIED.,.T.,.F.,(4,2,2,2,2,2,2,2,2,2,2,2,
2,2,2,2,4),(0.,0.150653153124445,0.30130630624889,0.452771115143301,0.604235924037712,
0.755511489779404,0.906787055521095,1.05742119517818,1.20805533483526,1.35868947449234,
1.50932361414942,1.66059917989111,1.81187474563281,1.96333955452722,2.11480436342163,
2.26545751654607,2.41611066967052),.UNSPECIFIED.);
#163=B_SPLINE_CURVE_WITH_KNOTS('',3,(#1911,#1912,#1913,#1914,#1915,#1916,
#1917,#1918,#1919,#1920,#1921,#1922,#1923,#1924,#1925,#1926,#1927,#1928,
#1929,#1930,#1931,#1932,#1933,#1934,#1935,#1936,#1937,#1938,#1939,#1940,
#1941,#1942,#1943,#1944),.UNSPECIFIED.,.T.,.F.,(4,2,2,2,2,2,2,2,2,2,2,2,
2,2,2,2,4),(0.,0.150653153124444,0.301306306248888,0.4527711151433,0.604235924037711,
0.755511489779403,0.906787055521094,1.05742119517818,1.20805533483526,1.35868947449234,
1.50932361414942,1.66059917989111,1.8118747456328,1.96333955452722,2.11480436342163,
2.26545751654607,2.41611066967052),.UNSPECIFIED.);
#164=B_SPLINE_CURVE_WITH_KNOTS('',3,(#1948,#1949,#1950,#1951,#1952,#1953,
#1954,#1955,#1956,#1957,#1958,#1959,#1960,#1961,#1962,#1963,#1964,#1965,
#1966,#1967,#1968,#1969,#1970,#1971,#1972,#1973,#1974,#1975,#1976,#1977,
#1978,#1979,#1980,#1981),.UNSPECIFIED.,.T.,.F.,(4,2,2,2,2,2,2,2,2,2,2,2,
2,2,2,2,4),(0.,0.150551116430796,0.301102232861592,0.453839356095284,0.606576479328977,
0.759661429235935,0.912746379142894,1.06333322070075,1.21392006225861,1.36450690381646,
1.51509374537432,1.66817869528128,1.82126364518823,1.97400076842193,2.12673789165562,
2.27728900808642,2.42784012451721),.UNSPECIFIED.);
#165=B_SPLINE_CURVE_WITH_KNOTS('',3,(#2114,#2115,#2116,#2117,#2118,#2119,
#2120,#2121,#2122,#2123,#2124,#2125,#2126,#2127,#2128,#2129,#2130,#2131),
 .UNSPECIFIED.,.F.,.F.,(4,2,2,2,2,2,2,2,4),(0.791068785554836,0.98883598119851,
1.18660317684218,1.38437037397593,1.58213757110967,1.77990476824342,1.97767196537716,
2.17543916102083,2.37320635666451),.UNSPECIFIED.);
#166=B_SPLINE_CURVE_WITH_KNOTS('',3,(#2132,#2133,#2134,#2135,#2136,#2137,
#2138,#2139,#2140,#2141,#2142,#2143,#2144,#2145,#2146,#2147,#2148,#2149,
#2150,#2151,#2152,#2153,#2154,#2155,#2156,#2157,#2158,#2159,#2160,#2161,
#2162,#2163,#2164,#2165,#2166,#2167,#2168,#2169,#2170,#2171,#2172,#2173),
 .UNSPECIFIED.,.F.,.F.,(4,2,2,2,2,2,2,2,2,2,2,2,2,2,2,2,2,2,2,2,4),(2.37320635666451,
2.39240009276683,2.42015841202491,2.45304687373952,2.54763669841714,2.70584023126323,
2.90693566010027,3.10485676355555,3.15992170131936,3.18466758900334,3.20331649772009,
3.22337933463326,3.25527234000795,3.31958502818125,3.42973827664447,3.6026694551511,
3.77717417447155,3.95732051982609,3.9950583615675,4.01147987261793,4.02550784832768),
 .UNSPECIFIED.);
#167=B_SPLINE_CURVE_WITH_KNOTS('',3,(#2178,#2179,#2180,#2181,#2182,#2183,
#2184,#2185,#2186,#2187,#2188,#2189,#2190,#2191,#2192,#2193,#2194,#2195,
#2196,#2197,#2198,#2199,#2200,#2201,#2202,#2203),.UNSPECIFIED.,.F.,.F.,
(4,2,2,2,2,2,2,2,2,2,2,2,4),(0.,0.197767197133744,0.395534394267488,0.593301589911162,
0.791068785554835,0.988835981198508,1.18660317684218,1.38437037397593,1.58213757110967,
1.77990476824342,1.97767196537716,2.17543916102083,2.37320635666451),
 .UNSPECIFIED.);
#168=B_SPLINE_CURVE_WITH_KNOTS('',3,(#2204,#2205,#2206,#2207,#2208,#2209,
#2210,#2211,#2212,#2213),.UNSPECIFIED.,.F.,.F.,(4,2,2,2,4),(2.37320635666451,
2.57097355230818,2.76874074795185,2.9665079450856,3.16427514221934),
 .UNSPECIFIED.);
#169=B_SPLINE_CURVE_WITH_KNOTS('',3,(#2218,#2219,#2220,#2221,#2222,#2223,
#2224,#2225,#2226,#2227,#2228,#2229,#2230,#2231,#2232,#2233,#2234,#2235,
#2236,#2237,#2238,#2239,#2240,#2241,#2242,#2243),.UNSPECIFIED.,.F.,.F.,
(4,2,2,2,2,2,2,2,2,2,2,2,4),(0.,0.197767197133744,0.395534394267488,0.593301589911164,
0.79106878555484,0.988835981198512,1.18660317684219,1.38437037397593,1.58213757110967,
1.77990476824342,1.97767196537716,2.17543916102083,2.3732063566645),
 .UNSPECIFIED.);
#170=B_SPLINE_CURVE_WITH_KNOTS('',3,(#2244,#2245,#2246,#2247,#2248,#2249,
#2250,#2251,#2252,#2253),.UNSPECIFIED.,.F.,.F.,(4,2,2,2,4),(2.3732063566645,
2.57097355230818,2.76874074795186,2.9665079450856,3.16427514221934),
 .UNSPECIFIED.);
#171=B_SPLINE_CURVE_WITH_KNOTS('',3,(#2258,#2259,#2260,#2261,#2262,#2263,
#2264,#2265,#2266,#2267,#2268,#2269,#2270,#2271,#2272,#2273,#2274,#2275,
#2276,#2277,#2278,#2279,#2280,#2281,#2282,#2283),.UNSPECIFIED.,.F.,.F.,
(4,2,2,2,2,2,2,2,2,2,2,2,4),(0.,0.197767197133745,0.395534394267489,0.593301589911162,
0.791068785554835,0.988835981198509,1.18660317684218,1.38437037397593,1.58213757110967,
1.77990476824342,1.97767196537716,2.17543916102084,2.37320635666451),
 .UNSPECIFIED.);
#172=B_SPLINE_CURVE_WITH_KNOTS('',3,(#2284,#2285,#2286,#2287,#2288,#2289,
#2290,#2291,#2292,#2293),.UNSPECIFIED.,.F.,.F.,(4,2,2,2,4),(2.37320635666451,
2.57097355230818,2.76874074795186,2.9665079450856,3.16427514221935),
 .UNSPECIFIED.);
#173=B_SPLINE_CURVE_WITH_KNOTS('',3,(#2298,#2299,#2300,#2301,#2302,#2303,
#2304,#2305,#2306,#2307,#2308,#2309,#2310,#2311,#2312,#2313,#2314,#2315,
#2316,#2317,#2318,#2319,#2320,#2321,#2322,#2323),.UNSPECIFIED.,.F.,.F.,
(4,2,2,2,2,2,2,2,2,2,2,2,4),(0.,0.197767197133743,0.395534394267486,0.59330158991116,
0.791068785554834,0.988835981198511,1.18660317684219,1.38437037397593,1.58213757110968,
1.77990476824342,1.97767196537716,2.17543916102084,2.37320635666452),
 .UNSPECIFIED.);
#174=B_SPLINE_CURVE_WITH_KNOTS('',3,(#2324,#2325,#2326,#2327,#2328,#2329,
#2330,#2331,#2332,#2333),.UNSPECIFIED.,.F.,.F.,(4,2,2,2,4),(2.37320635666452,
2.57097355230819,2.76874074795186,2.96650794508561,3.16427514221935),
 .UNSPECIFIED.);
#175=B_SPLINE_CURVE_WITH_KNOTS('',3,(#2338,#2339,#2340,#2341,#2342,#2343,
#2344,#2345,#2346,#2347,#2348,#2349,#2350,#2351,#2352,#2353,#2354,#2355,
#2356,#2357,#2358,#2359,#2360,#2361,#2362,#2363),.UNSPECIFIED.,.F.,.F.,
(4,2,2,2,2,2,2,2,2,2,2,2,4),(0.,0.197767197133745,0.395534394267489,0.593301589911163,
0.791068785554836,0.98883598119851,1.18660317684218,1.38437037397593,1.58213757110967,
1.77990476824342,1.97767196537716,2.17543916102083,2.37320635666451),
 .UNSPECIFIED.);
#176=B_SPLINE_CURVE_WITH_KNOTS('',3,(#2364,#2365,#2366,#2367,#2368,#2369,
#2370,#2371,#2372,#2373),.UNSPECIFIED.,.F.,.F.,(4,2,2,2,4),(2.37320635666451,
2.57097355230818,2.76874074795185,2.9665079450856,3.16427514221934),
 .UNSPECIFIED.);
#177=B_SPLINE_CURVE_WITH_KNOTS('',3,(#2378,#2379,#2380,#2381,#2382,#2383,
#2384,#2385,#2386,#2387,#2388,#2389,#2390,#2391,#2392,#2393,#2394,#2395,
#2396,#2397,#2398,#2399,#2400,#2401,#2402,#2403),.UNSPECIFIED.,.F.,.F.,
(4,2,2,2,2,2,2,2,2,2,2,2,4),(0.,0.197767197133743,0.395534394267486,0.59330158991116,
0.791068785554834,0.98883598119851,1.18660317684219,1.38437037397593,1.58213757110967,
1.77990476824342,1.97767196537716,2.17543916102084,2.37320635666451),
 .UNSPECIFIED.);
#178=B_SPLINE_CURVE_WITH_KNOTS('',3,(#2404,#2405,#2406,#2407,#2408,#2409,
#2410,#2411,#2412,#2413),.UNSPECIFIED.,.F.,.F.,(4,2,2,2,4),(2.37320635666451,
2.57097355230819,2.76874074795186,2.96650794508561,3.16427514221935),
 .UNSPECIFIED.);
#179=B_SPLINE_CURVE_WITH_KNOTS('',3,(#2418,#2419,#2420,#2421,#2422,#2423,
#2424,#2425,#2426,#2427,#2428,#2429,#2430,#2431,#2432,#2433,#2434,#2435),
 .UNSPECIFIED.,.F.,.F.,(4,2,2,2,2,2,2,2,4),(0.791068785554836,0.98883598119851,
1.18660317684218,1.38437037397593,1.58213757110967,1.77990476824342,1.97767196537716,
2.17543916102083,2.37320635666451),.UNSPECIFIED.);
#180=B_SPLINE_CURVE_WITH_KNOTS('',3,(#2436,#2437,#2438,#2439,#2440,#2441,
#2442,#2443,#2444,#2445,#2446,#2447,#2448,#2449,#2450,#2451,#2452,#2453,
#2454,#2455,#2456,#2457,#2458,#2459,#2460,#2461,#2462,#2463,#2464,#2465,
#2466,#2467,#2468,#2469,#2470,#2471,#2472,#2473,#2474,#2475,#2476,#2477),
 .UNSPECIFIED.,.F.,.F.,(4,2,2,2,2,2,2,2,2,2,2,2,2,2,2,2,2,2,2,2,4),(2.37320635666451,
2.39240009276683,2.42015841202491,2.45304687373952,2.54763669841714,2.70584023126323,
2.90693566010027,3.10485676355555,3.15992170131936,3.18466758900334,3.20331649772009,
3.22337933463326,3.25527234000795,3.31958502818125,3.42973827664447,3.6026694551511,
3.77717417447155,3.95732051982609,3.9950583615675,4.01147987261793,4.02550784832768),
 .UNSPECIFIED.);
#181=B_SPLINE_CURVE_WITH_KNOTS('',3,(#2482,#2483,#2484,#2485,#2486,#2487,
#2488,#2489,#2490,#2491,#2492,#2493,#2494,#2495,#2496,#2497,#2498,#2499),
 .UNSPECIFIED.,.F.,.F.,(4,2,2,2,2,2,2,2,4),(0.791068785554836,0.98883598119851,
1.18660317684218,1.38437037397593,1.58213757110967,1.77990476824342,1.97767196537716,
2.17543916102083,2.37320635666451),.UNSPECIFIED.);
#182=B_SPLINE_CURVE_WITH_KNOTS('',3,(#2500,#2501,#2502,#2503,#2504,#2505,
#2506,#2507,#2508,#2509,#2510,#2511,#2512,#2513,#2514,#2515,#2516,#2517,
#2518,#2519,#2520,#2521,#2522,#2523,#2524,#2525,#2526,#2527,#2528,#2529,
#2530,#2531,#2532,#2533,#2534,#2535,#2536,#2537,#2538,#2539,#2540,#2541),
 .UNSPECIFIED.,.F.,.F.,(4,2,2,2,2,2,2,2,2,2,2,2,2,2,2,2,2,2,2,2,4),(2.37320635666451,
2.39240009276683,2.42015841202491,2.45304687373952,2.54763669841714,2.70584023126323,
2.90693566010027,3.10485676355555,3.15992170131936,3.18466758900334,3.20331649772009,
3.22337933463326,3.25527234000795,3.31958502818125,3.42973827664447,3.6026694551511,
3.77717417447155,3.95732051982609,3.9950583615675,4.01147987261793,4.02550784832768),
 .UNSPECIFIED.);
#183=B_SPLINE_CURVE_WITH_KNOTS('',3,(#2546,#2547,#2548,#2549,#2550,#2551,
#2552,#2553,#2554,#2555,#2556,#2557,#2558,#2559,#2560,#2561,#2562,#2563,
#2564,#2565,#2566,#2567,#2568,#2569,#2570,#2571),.UNSPECIFIED.,.F.,.F.,
(4,2,2,2,2,2,2,2,2,2,2,2,4),(0.,0.197767197133743,0.395534394267485,0.593301589911158,
0.791068785554832,0.988835981198507,1.18660317684218,1.38437037397593,1.58213757110967,
1.77990476824341,1.97767196537716,2.17543916102083,2.37320635666451),
 .UNSPECIFIED.);
#184=B_SPLINE_CURVE_WITH_KNOTS('',3,(#2572,#2573,#2574,#2575,#2576,#2577,
#2578,#2579,#2580,#2581),.UNSPECIFIED.,.F.,.F.,(4,2,2,2,4),(2.37320635666451,
2.57097355230818,2.76874074795185,2.9665079450856,3.16427514221934),
 .UNSPECIFIED.);
#185=CYLINDRICAL_SURFACE('',#1096,5.25);
#186=CYLINDRICAL_SURFACE('',#1097,5.25);
#187=CYLINDRICAL_SURFACE('',#1098,5.25);
#188=CYLINDRICAL_SURFACE('',#1099,233.5);
#189=CYLINDRICAL_SURFACE('',#1100,233.5);
#190=CYLINDRICAL_SURFACE('',#1101,233.5);
#191=CYLINDRICAL_SURFACE('',#1102,233.5);
#192=CYLINDRICAL_SURFACE('',#1103,2.19999999999999);
#193=CYLINDRICAL_SURFACE('',#1105,2.19999999999999);
#194=CYLINDRICAL_SURFACE('',#1107,2.19999999999999);
#195=CYLINDRICAL_SURFACE('',#1109,2.19999999999999);
#196=CYLINDRICAL_SURFACE('',#1121,2.18499952122928);
#197=CYLINDRICAL_SURFACE('',#1125,4.00000000000001);
#198=CYLINDRICAL_SURFACE('',#1126,4.00000000000001);
#199=CYLINDRICAL_SURFACE('',#1127,4.00000000000001);
#200=CYLINDRICAL_SURFACE('',#1128,4.00000000000001);
#201=CYLINDRICAL_SURFACE('',#1142,233.5);
#202=CYLINDRICAL_SURFACE('',#1144,233.5);
#203=CYLINDRICAL_SURFACE('',#1148,2.15000000000001);
#204=CYLINDRICAL_SURFACE('',#1150,233.5);
#205=CYLINDRICAL_SURFACE('',#1155,249.5);
#206=CYLINDRICAL_SURFACE('',#1160,233.5);
#207=CYLINDRICAL_SURFACE('',#1162,241.5);
#208=CYLINDRICAL_SURFACE('',#1166,2.15000000000001);
#209=CYLINDRICAL_SURFACE('',#1184,5.25);
#210=CYLINDRICAL_SURFACE('',#1185,5.25);
#211=CYLINDRICAL_SURFACE('',#1186,5.25);
#212=CYLINDRICAL_SURFACE('',#1187,5.25);
#213=CYLINDRICAL_SURFACE('',#1188,5.25);
#214=CYLINDRICAL_SURFACE('',#1189,5.25);
#215=CYLINDRICAL_SURFACE('',#1190,5.25);
#216=CYLINDRICAL_SURFACE('',#1191,5.25);
#217=CYLINDRICAL_SURFACE('',#1192,5.25);
#218=CYLINDRICAL_SURFACE('',#1193,5.25);
#219=CYLINDRICAL_SURFACE('',#1194,241.5);
#220=FACE_OUTER_BOUND('',#288,.T.);
#221=FACE_OUTER_BOUND('',#289,.T.);
#222=FACE_OUTER_BOUND('',#290,.T.);
#223=FACE_OUTER_BOUND('',#291,.T.);
#224=FACE_OUTER_BOUND('',#292,.T.);
#225=FACE_OUTER_BOUND('',#293,.T.);
#226=FACE_OUTER_BOUND('',#294,.T.);
#227=FACE_OUTER_BOUND('',#295,.T.);
#228=FACE_OUTER_BOUND('',#296,.T.);
#229=FACE_OUTER_BOUND('',#297,.T.);
#230=FACE_OUTER_BOUND('',#298,.T.);
#231=FACE_OUTER_BOUND('',#299,.T.);
#232=FACE_OUTER_BOUND('',#300,.T.);
#233=FACE_OUTER_BOUND('',#301,.T.);
#234=FACE_OUTER_BOUND('',#302,.T.);
#235=FACE_OUTER_BOUND('',#303,.T.);
#236=FACE_OUTER_BOUND('',#304,.T.);
#237=FACE_OUTER_BOUND('',#305,.T.);
#238=FACE_OUTER_BOUND('',#306,.T.);
#239=FACE_OUTER_BOUND('',#307,.T.);
#240=FACE_OUTER_BOUND('',#308,.T.);
#241=FACE_OUTER_BOUND('',#309,.T.);
#242=FACE_OUTER_BOUND('',#310,.T.);
#243=FACE_OUTER_BOUND('',#312,.T.);
#244=FACE_OUTER_BOUND('',#314,.T.);
#245=FACE_OUTER_BOUND('',#316,.T.);
#246=FACE_OUTER_BOUND('',#318,.T.);
#247=FACE_OUTER_BOUND('',#319,.T.);
#248=FACE_OUTER_BOUND('',#320,.T.);
#249=FACE_OUTER_BOUND('',#321,.T.);
#250=FACE_OUTER_BOUND('',#322,.T.);
#251=FACE_OUTER_BOUND('',#323,.T.);
#252=FACE_OUTER_BOUND('',#324,.T.);
#253=FACE_OUTER_BOUND('',#325,.T.);
#254=FACE_OUTER_BOUND('',#326,.T.);
#255=FACE_OUTER_BOUND('',#328,.T.);
#256=FACE_OUTER_BOUND('',#329,.T.);
#257=FACE_OUTER_BOUND('',#330,.T.);
#258=FACE_OUTER_BOUND('',#331,.T.);
#259=FACE_OUTER_BOUND('',#332,.T.);
#260=FACE_OUTER_BOUND('',#333,.T.);
#261=FACE_OUTER_BOUND('',#334,.T.);
#262=FACE_OUTER_BOUND('',#339,.T.);
#263=FACE_OUTER_BOUND('',#340,.T.);
#264=FACE_OUTER_BOUND('',#341,.T.);
#265=FACE_OUTER_BOUND('',#342,.T.);
#266=FACE_OUTER_BOUND('',#343,.T.);
#267=FACE_OUTER_BOUND('',#344,.T.);
#268=FACE_OUTER_BOUND('',#345,.T.);
#269=FACE_OUTER_BOUND('',#346,.T.);
#270=FACE_OUTER_BOUND('',#347,.T.);
#271=FACE_OUTER_BOUND('',#348,.T.);
#272=FACE_OUTER_BOUND('',#349,.T.);
#273=FACE_OUTER_BOUND('',#351,.T.);
#274=FACE_OUTER_BOUND('',#352,.T.);
#275=FACE_OUTER_BOUND('',#353,.T.);
#276=FACE_OUTER_BOUND('',#354,.T.);
#277=FACE_OUTER_BOUND('',#356,.T.);
#278=FACE_OUTER_BOUND('',#357,.T.);
#279=FACE_OUTER_BOUND('',#358,.T.);
#280=FACE_OUTER_BOUND('',#359,.T.);
#281=FACE_OUTER_BOUND('',#360,.T.);
#282=FACE_OUTER_BOUND('',#361,.T.);
#283=FACE_OUTER_BOUND('',#362,.T.);
#284=FACE_OUTER_BOUND('',#363,.T.);
#285=FACE_OUTER_BOUND('',#364,.T.);
#286=FACE_OUTER_BOUND('',#365,.T.);
#287=FACE_OUTER_BOUND('',#366,.T.);
#288=EDGE_LOOP('',(#675));
#289=EDGE_LOOP('',(#676));
#290=EDGE_LOOP('',(#677));
#291=EDGE_LOOP('',(#678));
#292=EDGE_LOOP('',(#679));
#293=EDGE_LOOP('',(#680));
#294=EDGE_LOOP('',(#681));
#295=EDGE_LOOP('',(#682));
#296=EDGE_LOOP('',(#683));
#297=EDGE_LOOP('',(#684));
#298=EDGE_LOOP('',(#685,#686,#687,#688,#689));
#299=EDGE_LOOP('',(#690,#691,#692,#693,#694));
#300=EDGE_LOOP('',(#695,#696,#697,#698,#699));
#301=EDGE_LOOP('',(#700,#701));
#302=EDGE_LOOP('',(#702,#703));
#303=EDGE_LOOP('',(#704,#705));
#304=EDGE_LOOP('',(#706,#707));
#305=EDGE_LOOP('',(#708,#709,#710,#711,#712));
#306=EDGE_LOOP('',(#713,#714,#715,#716,#717));
#307=EDGE_LOOP('',(#718,#719,#720,#721,#722));
#308=EDGE_LOOP('',(#723,#724,#725,#726,#727));
#309=EDGE_LOOP('',(#728));
#310=EDGE_LOOP('',(#729));
#311=EDGE_LOOP('',(#730));
#312=EDGE_LOOP('',(#731));
#313=EDGE_LOOP('',(#732));
#314=EDGE_LOOP('',(#733));
#315=EDGE_LOOP('',(#734));
#316=EDGE_LOOP('',(#735));
#317=EDGE_LOOP('',(#736));
#318=EDGE_LOOP('',(#737,#738,#739,#740));
#319=EDGE_LOOP('',(#741));
#320=EDGE_LOOP('',(#742,#743,#744,#745));
#321=EDGE_LOOP('',(#746,#747,#748,#749));
#322=EDGE_LOOP('',(#750,#751,#752,#753));
#323=EDGE_LOOP('',(#754,#755,#756,#757));
#324=EDGE_LOOP('',(#758,#759));
#325=EDGE_LOOP('',(#760,#761,#762,#763,#764,#765));
#326=EDGE_LOOP('',(#766,#767,#768,#769));
#327=EDGE_LOOP('',(#770));
#328=EDGE_LOOP('',(#771));
#329=EDGE_LOOP('',(#772,#773,#774,#775));
#330=EDGE_LOOP('',(#776,#777,#778,#779));
#331=EDGE_LOOP('',(#780,#781,#782,#783));
#332=EDGE_LOOP('',(#784,#785,#786,#787));
#333=EDGE_LOOP('',(#788,#789,#790,#791));
#334=EDGE_LOOP('',(#792,#793,#794,#795,#796,#797,#798,#799,#800,#801,#802,
#803));
#335=EDGE_LOOP('',(#804));
#336=EDGE_LOOP('',(#805));
#337=EDGE_LOOP('',(#806));
#338=EDGE_LOOP('',(#807));
#339=EDGE_LOOP('',(#808,#809,#810,#811,#812,#813,#814,#815));
#340=EDGE_LOOP('',(#816,#817,#818,#819));
#341=EDGE_LOOP('',(#820,#821,#822,#823));
#342=EDGE_LOOP('',(#824,#825,#826,#827,#828,#829,#830,#831));
#343=EDGE_LOOP('',(#832,#833,#834,#835));
#344=EDGE_LOOP('',(#836,#837,#838,#839));
#345=EDGE_LOOP('',(#840));
#346=EDGE_LOOP('',(#841));
#347=EDGE_LOOP('',(#842));
#348=EDGE_LOOP('',(#843,#844,#845,#846));
#349=EDGE_LOOP('',(#847,#848,#849,#850,#851,#852,#853,#854));
#350=EDGE_LOOP('',(#855));
#351=EDGE_LOOP('',(#856,#857,#858,#859));
#352=EDGE_LOOP('',(#860,#861,#862,#863));
#353=EDGE_LOOP('',(#864,#865,#866,#867));
#354=EDGE_LOOP('',(#868,#869,#870,#871,#872,#873,#874,#875));
#355=EDGE_LOOP('',(#876));
#356=EDGE_LOOP('',(#877,#878,#879,#880,#881));
#357=EDGE_LOOP('',(#882,#883,#884,#885,#886));
#358=EDGE_LOOP('',(#887,#888,#889,#890,#891));
#359=EDGE_LOOP('',(#892,#893,#894,#895,#896));
#360=EDGE_LOOP('',(#897,#898,#899,#900,#901));
#361=EDGE_LOOP('',(#902,#903,#904,#905,#906));
#362=EDGE_LOOP('',(#907,#908,#909,#910,#911));
#363=EDGE_LOOP('',(#912,#913,#914,#915,#916));
#364=EDGE_LOOP('',(#917,#918,#919,#920,#921));
#365=EDGE_LOOP('',(#922,#923,#924,#925,#926));
#366=EDGE_LOOP('',(#927,#928,#929,#930,#931,#932,#933,#934));
#367=EDGE_LOOP('',(#935,#936));
#368=EDGE_LOOP('',(#937,#938));
#369=EDGE_LOOP('',(#939,#940));
#370=EDGE_LOOP('',(#941,#942));
#371=EDGE_LOOP('',(#943,#944));
#372=EDGE_LOOP('',(#945,#946));
#373=EDGE_LOOP('',(#947,#948));
#374=EDGE_LOOP('',(#949,#950));
#375=EDGE_LOOP('',(#951,#952));
#376=EDGE_LOOP('',(#953,#954));
#377=EDGE_LOOP('',(#955,#956));
#378=EDGE_LOOP('',(#957,#958));
#379=EDGE_LOOP('',(#959,#960));
#380=CIRCLE('',#1077,5.25);
#381=CIRCLE('',#1079,5.25);
#382=CIRCLE('',#1081,5.25);
#383=CIRCLE('',#1083,5.25);
#384=CIRCLE('',#1085,5.25);
#385=CIRCLE('',#1087,5.25);
#386=CIRCLE('',#1089,5.25);
#387=CIRCLE('',#1091,5.25);
#388=CIRCLE('',#1093,5.25);
#389=CIRCLE('',#1095,5.25);
#390=CIRCLE('',#1104,2.19999999999999);
#391=CIRCLE('',#1106,2.19999999999999);
#392=CIRCLE('',#1108,2.19999999999999);
#393=CIRCLE('',#1110,2.19999999999999);
#394=CIRCLE('',#1112,2.18499952122928);
#395=CIRCLE('',#1114,4.00000000000001);
#396=CIRCLE('',#1116,4.00000000000001);
#397=CIRCLE('',#1118,4.00000000000001);
#398=CIRCLE('',#1120,4.00000000000001);
#399=CIRCLE('',#1122,2.18499952122928);
#400=CIRCLE('',#1124,2.15000000000001);
#401=CIRCLE('',#1130,233.5);
#402=CIRCLE('',#1131,233.5);
#403=CIRCLE('',#1133,241.5);
#404=CIRCLE('',#1134,233.5);
#405=CIRCLE('',#1135,249.5);
#406=CIRCLE('',#1136,233.5);
#407=CIRCLE('',#1138,233.5);
#408=CIRCLE('',#1139,241.5);
#409=CIRCLE('',#1141,2.15000000000001);
#410=CIRCLE('',#1143,233.5);
#411=CIRCLE('',#1145,233.5);
#412=CIRCLE('',#1149,2.15000000000001);
#413=CIRCLE('',#1151,233.5);
#414=CIRCLE('',#1152,233.5);
#415=CIRCLE('',#1153,233.5);
#416=CIRCLE('',#1154,233.5);
#417=CIRCLE('',#1156,249.5);
#418=CIRCLE('',#1157,249.5);
#419=CIRCLE('',#1158,249.5);
#420=CIRCLE('',#1161,233.5);
#421=CIRCLE('',#1163,241.5);
#422=CIRCLE('',#1164,241.5);
#423=CIRCLE('',#1167,2.15000000000001);
#424=CIRCLE('',#1169,5.25);
#425=CIRCLE('',#1171,5.25);
#426=CIRCLE('',#1173,5.25);
#427=CIRCLE('',#1175,241.5);
#428=CIRCLE('',#1177,241.5);
#429=CIRCLE('',#1180,241.5);
#430=CIRCLE('',#1183,241.5);
#431=VERTEX_POINT('',#1491);
#432=VERTEX_POINT('',#1494);
#433=VERTEX_POINT('',#1497);
#434=VERTEX_POINT('',#1500);
#435=VERTEX_POINT('',#1503);
#436=VERTEX_POINT('',#1506);
#437=VERTEX_POINT('',#1509);
#438=VERTEX_POINT('',#1512);
#439=VERTEX_POINT('',#1515);
#440=VERTEX_POINT('',#1518);
#441=VERTEX_POINT('',#1521);
#442=VERTEX_POINT('',#1522);
#443=VERTEX_POINT('',#1561);
#444=VERTEX_POINT('',#1562);
#445=VERTEX_POINT('',#1601);
#446=VERTEX_POINT('',#1602);
#447=VERTEX_POINT('',#1641);
#448=VERTEX_POINT('',#1642);
#449=VERTEX_POINT('',#1680);
#450=VERTEX_POINT('',#1681);
#451=VERTEX_POINT('',#1719);
#452=VERTEX_POINT('',#1720);
#453=VERTEX_POINT('',#1758);
#454=VERTEX_POINT('',#1759);
#455=VERTEX_POINT('',#1797);
#456=VERTEX_POINT('',#1801);
#457=VERTEX_POINT('',#1805);
#458=VERTEX_POINT('',#1809);
#459=VERTEX_POINT('',#1813);
#460=VERTEX_POINT('',#1816);
#461=VERTEX_POINT('',#1819);
#462=VERTEX_POINT('',#1822);
#463=VERTEX_POINT('',#1825);
#464=VERTEX_POINT('',#1828);
#465=VERTEX_POINT('',#1832);
#466=VERTEX_POINT('',#1835);
#467=VERTEX_POINT('',#1872);
#468=VERTEX_POINT('',#1909);
#469=VERTEX_POINT('',#1946);
#470=VERTEX_POINT('',#1983);
#471=VERTEX_POINT('',#1984);
#472=VERTEX_POINT('',#1988);
#473=VERTEX_POINT('',#1989);
#474=VERTEX_POINT('',#1991);
#475=VERTEX_POINT('',#1993);
#476=VERTEX_POINT('',#1995);
#477=VERTEX_POINT('',#1997);
#478=VERTEX_POINT('',#2001);
#479=VERTEX_POINT('',#2002);
#480=VERTEX_POINT('',#2004);
#481=VERTEX_POINT('',#2006);
#482=VERTEX_POINT('',#2010);
#483=VERTEX_POINT('',#2013);
#484=VERTEX_POINT('',#2015);
#485=VERTEX_POINT('',#2019);
#486=VERTEX_POINT('',#2021);
#487=VERTEX_POINT('',#2025);
#488=VERTEX_POINT('',#2029);
#489=VERTEX_POINT('',#2030);
#490=VERTEX_POINT('',#2035);
#491=VERTEX_POINT('',#2039);
#492=VERTEX_POINT('',#2041);
#493=VERTEX_POINT('',#2043);
#494=VERTEX_POINT('',#2046);
#495=VERTEX_POINT('',#2048);
#496=VERTEX_POINT('',#2052);
#497=VERTEX_POINT('',#2053);
#498=VERTEX_POINT('',#2056);
#499=VERTEX_POINT('',#2058);
#500=VERTEX_POINT('',#2060);
#501=VERTEX_POINT('',#2064);
#502=VERTEX_POINT('',#2068);
#503=VERTEX_POINT('',#2072);
#504=VERTEX_POINT('',#2079);
#505=VERTEX_POINT('',#2083);
#506=VERTEX_POINT('',#2086);
#507=VERTEX_POINT('',#2089);
#508=VERTEX_POINT('',#2094);
#509=VERTEX_POINT('',#2098);
#510=VERTEX_POINT('',#2102);
#511=VERTEX_POINT('',#2106);
#512=VERTEX_POINT('',#2112);
#513=VERTEX_POINT('',#2113);
#514=VERTEX_POINT('',#2176);
#515=VERTEX_POINT('',#2177);
#516=VERTEX_POINT('',#2216);
#517=VERTEX_POINT('',#2217);
#518=VERTEX_POINT('',#2256);
#519=VERTEX_POINT('',#2257);
#520=VERTEX_POINT('',#2296);
#521=VERTEX_POINT('',#2297);
#522=VERTEX_POINT('',#2336);
#523=VERTEX_POINT('',#2337);
#524=VERTEX_POINT('',#2376);
#525=VERTEX_POINT('',#2377);
#526=VERTEX_POINT('',#2416);
#527=VERTEX_POINT('',#2417);
#528=VERTEX_POINT('',#2480);
#529=VERTEX_POINT('',#2481);
#530=VERTEX_POINT('',#2544);
#531=VERTEX_POINT('',#2545);
#532=EDGE_CURVE('',#431,#431,#380,.T.);
#533=EDGE_CURVE('',#432,#432,#381,.T.);
#534=EDGE_CURVE('',#433,#433,#382,.T.);
#535=EDGE_CURVE('',#434,#434,#383,.T.);
#536=EDGE_CURVE('',#435,#435,#384,.T.);
#537=EDGE_CURVE('',#436,#436,#385,.T.);
#538=EDGE_CURVE('',#437,#437,#386,.T.);
#539=EDGE_CURVE('',#438,#438,#387,.T.);
#540=EDGE_CURVE('',#439,#439,#388,.T.);
#541=EDGE_CURVE('',#440,#440,#389,.T.);
#542=EDGE_CURVE('',#441,#442,#147,.T.);
#543=EDGE_CURVE('',#442,#441,#148,.T.);
#544=EDGE_CURVE('',#442,#432,#39,.T.);
#545=EDGE_CURVE('',#443,#444,#149,.T.);
#546=EDGE_CURVE('',#444,#443,#150,.T.);
#547=EDGE_CURVE('',#444,#431,#40,.T.);
#548=EDGE_CURVE('',#445,#446,#151,.T.);
#549=EDGE_CURVE('',#446,#445,#152,.T.);
#550=EDGE_CURVE('',#446,#436,#41,.T.);
#551=EDGE_CURVE('',#447,#448,#153,.T.);
#552=EDGE_CURVE('',#448,#447,#154,.T.);
#553=EDGE_CURVE('',#449,#450,#155,.T.);
#554=EDGE_CURVE('',#450,#449,#156,.T.);
#555=EDGE_CURVE('',#451,#452,#157,.T.);
#556=EDGE_CURVE('',#452,#451,#158,.T.);
#557=EDGE_CURVE('',#453,#454,#159,.T.);
#558=EDGE_CURVE('',#454,#453,#160,.T.);
#559=EDGE_CURVE('',#455,#455,#390,.F.);
#560=EDGE_CURVE('',#455,#448,#42,.T.);
#561=EDGE_CURVE('',#456,#456,#391,.F.);
#562=EDGE_CURVE('',#456,#450,#43,.T.);
#563=EDGE_CURVE('',#457,#457,#392,.F.);
#564=EDGE_CURVE('',#457,#452,#44,.T.);
#565=EDGE_CURVE('',#458,#458,#393,.F.);
#566=EDGE_CURVE('',#458,#454,#45,.T.);
#567=EDGE_CURVE('',#459,#459,#394,.T.);
#568=EDGE_CURVE('',#460,#460,#395,.T.);
#569=EDGE_CURVE('',#461,#461,#396,.T.);
#570=EDGE_CURVE('',#462,#462,#397,.T.);
#571=EDGE_CURVE('',#463,#463,#398,.T.);
#572=EDGE_CURVE('',#464,#464,#399,.T.);
#573=EDGE_CURVE('',#464,#459,#46,.T.);
#574=EDGE_CURVE('',#465,#465,#400,.T.);
#575=EDGE_CURVE('',#460,#466,#47,.T.);
#576=EDGE_CURVE('',#466,#466,#161,.T.);
#577=EDGE_CURVE('',#461,#467,#48,.T.);
#578=EDGE_CURVE('',#467,#467,#162,.T.);
#579=EDGE_CURVE('',#462,#468,#49,.T.);
#580=EDGE_CURVE('',#468,#468,#163,.T.);
#581=EDGE_CURVE('',#463,#469,#50,.T.);
#582=EDGE_CURVE('',#469,#469,#164,.T.);
#583=EDGE_CURVE('',#470,#471,#401,.T.);
#584=EDGE_CURVE('',#471,#470,#402,.T.);
#585=EDGE_CURVE('',#472,#473,#403,.T.);
#586=EDGE_CURVE('',#473,#474,#404,.T.);
#587=EDGE_CURVE('',#474,#475,#51,.T.);
#588=EDGE_CURVE('',#476,#475,#405,.F.);
#589=EDGE_CURVE('',#477,#476,#52,.T.);
#590=EDGE_CURVE('',#477,#472,#406,.T.);
#591=EDGE_CURVE('',#478,#479,#53,.T.);
#592=EDGE_CURVE('',#480,#478,#407,.T.);
#593=EDGE_CURVE('',#481,#480,#54,.T.);
#594=EDGE_CURVE('',#479,#481,#408,.T.);
#595=EDGE_CURVE('',#482,#482,#409,.T.);
#596=EDGE_CURVE('',#483,#471,#55,.T.);
#597=EDGE_CURVE('',#483,#484,#410,.T.);
#598=EDGE_CURVE('',#470,#484,#56,.T.);
#599=EDGE_CURVE('',#485,#473,#57,.T.);
#600=EDGE_CURVE('',#485,#486,#411,.T.);
#601=EDGE_CURVE('',#474,#486,#58,.T.);
#602=EDGE_CURVE('',#486,#487,#59,.T.);
#603=EDGE_CURVE('',#475,#487,#60,.T.);
#604=EDGE_CURVE('',#488,#489,#61,.T.);
#605=EDGE_CURVE('',#481,#488,#62,.T.);
#606=EDGE_CURVE('',#489,#480,#63,.T.);
#607=EDGE_CURVE('',#490,#490,#412,.T.);
#608=EDGE_CURVE('',#490,#465,#64,.T.);
#609=EDGE_CURVE('',#478,#491,#65,.T.);
#610=EDGE_CURVE('',#491,#492,#413,.T.);
#611=EDGE_CURVE('',#493,#492,#66,.T.);
#612=EDGE_CURVE('',#483,#493,#414,.T.);
#613=EDGE_CURVE('',#494,#484,#415,.T.);
#614=EDGE_CURVE('',#495,#494,#67,.T.);
#615=EDGE_CURVE('',#495,#489,#416,.T.);
#616=EDGE_CURVE('',#496,#497,#417,.T.);
#617=EDGE_CURVE('',#476,#497,#68,.F.);
#618=EDGE_CURVE('',#487,#498,#418,.T.);
#619=EDGE_CURVE('',#499,#498,#69,.F.);
#620=EDGE_CURVE('',#500,#499,#419,.F.);
#621=EDGE_CURVE('',#500,#496,#70,.T.);
#622=EDGE_CURVE('',#497,#501,#71,.T.);
#623=EDGE_CURVE('',#477,#501,#72,.T.);
#624=EDGE_CURVE('',#502,#472,#73,.T.);
#625=EDGE_CURVE('',#501,#502,#420,.T.);
#626=EDGE_CURVE('',#503,#479,#74,.T.);
#627=EDGE_CURVE('',#488,#485,#421,.T.);
#628=EDGE_CURVE('',#502,#503,#422,.T.);
#629=EDGE_CURVE('',#491,#503,#75,.T.);
#630=EDGE_CURVE('',#504,#504,#423,.T.);
#631=EDGE_CURVE('',#504,#482,#76,.T.);
#632=EDGE_CURVE('',#505,#505,#424,.T.);
#633=EDGE_CURVE('',#506,#506,#425,.T.);
#634=EDGE_CURVE('',#507,#507,#426,.T.);
#635=EDGE_CURVE('',#494,#493,#427,.T.);
#636=EDGE_CURVE('',#508,#495,#428,.T.);
#637=EDGE_CURVE('',#498,#508,#77,.T.);
#638=EDGE_CURVE('',#509,#508,#78,.T.);
#639=EDGE_CURVE('',#499,#509,#79,.T.);
#640=EDGE_CURVE('',#510,#500,#80,.T.);
#641=EDGE_CURVE('',#509,#510,#429,.T.);
#642=EDGE_CURVE('',#511,#496,#81,.T.);
#643=EDGE_CURVE('',#510,#511,#82,.T.);
#644=EDGE_CURVE('',#492,#511,#430,.T.);
#645=EDGE_CURVE('',#512,#513,#165,.T.);
#646=EDGE_CURVE('',#513,#512,#166,.T.);
#647=EDGE_CURVE('',#513,#505,#83,.T.);
#648=EDGE_CURVE('',#514,#515,#167,.T.);
#649=EDGE_CURVE('',#515,#514,#168,.T.);
#650=EDGE_CURVE('',#515,#438,#84,.T.);
#651=EDGE_CURVE('',#516,#517,#169,.T.);
#652=EDGE_CURVE('',#517,#516,#170,.T.);
#653=EDGE_CURVE('',#517,#435,#85,.T.);
#654=EDGE_CURVE('',#518,#519,#171,.T.);
#655=EDGE_CURVE('',#519,#518,#172,.T.);
#656=EDGE_CURVE('',#519,#439,#86,.T.);
#657=EDGE_CURVE('',#520,#521,#173,.T.);
#658=EDGE_CURVE('',#521,#520,#174,.T.);
#659=EDGE_CURVE('',#521,#434,#87,.T.);
#660=EDGE_CURVE('',#522,#523,#175,.T.);
#661=EDGE_CURVE('',#523,#522,#176,.T.);
#662=EDGE_CURVE('',#523,#440,#88,.T.);
#663=EDGE_CURVE('',#524,#525,#177,.T.);
#664=EDGE_CURVE('',#525,#524,#178,.T.);
#665=EDGE_CURVE('',#525,#433,#89,.T.);
#666=EDGE_CURVE('',#526,#527,#179,.T.);
#667=EDGE_CURVE('',#527,#526,#180,.T.);
#668=EDGE_CURVE('',#527,#506,#90,.T.);
#669=EDGE_CURVE('',#528,#529,#181,.T.);
#670=EDGE_CURVE('',#529,#528,#182,.T.);
#671=EDGE_CURVE('',#529,#507,#91,.T.);
#672=EDGE_CURVE('',#530,#531,#183,.T.);
#673=EDGE_CURVE('',#531,#530,#184,.T.);
#674=EDGE_CURVE('',#531,#437,#92,.T.);
#675=ORIENTED_EDGE('',*,*,#532,.F.);
#676=ORIENTED_EDGE('',*,*,#533,.F.);
#677=ORIENTED_EDGE('',*,*,#534,.F.);
#678=ORIENTED_EDGE('',*,*,#535,.F.);
#679=ORIENTED_EDGE('',*,*,#536,.F.);
#680=ORIENTED_EDGE('',*,*,#537,.F.);
#681=ORIENTED_EDGE('',*,*,#538,.F.);
#682=ORIENTED_EDGE('',*,*,#539,.F.);
#683=ORIENTED_EDGE('',*,*,#540,.F.);
#684=ORIENTED_EDGE('',*,*,#541,.F.);
#685=ORIENTED_EDGE('',*,*,#542,.F.);
#686=ORIENTED_EDGE('',*,*,#543,.F.);
#687=ORIENTED_EDGE('',*,*,#544,.T.);
#688=ORIENTED_EDGE('',*,*,#533,.T.);
#689=ORIENTED_EDGE('',*,*,#544,.F.);
#690=ORIENTED_EDGE('',*,*,#545,.F.);
#691=ORIENTED_EDGE('',*,*,#546,.F.);
#692=ORIENTED_EDGE('',*,*,#547,.T.);
#693=ORIENTED_EDGE('',*,*,#532,.T.);
#694=ORIENTED_EDGE('',*,*,#547,.F.);
#695=ORIENTED_EDGE('',*,*,#548,.F.);
#696=ORIENTED_EDGE('',*,*,#549,.F.);
#697=ORIENTED_EDGE('',*,*,#550,.T.);
#698=ORIENTED_EDGE('',*,*,#537,.T.);
#699=ORIENTED_EDGE('',*,*,#550,.F.);
#700=ORIENTED_EDGE('',*,*,#551,.T.);
#701=ORIENTED_EDGE('',*,*,#552,.T.);
#702=ORIENTED_EDGE('',*,*,#553,.T.);
#703=ORIENTED_EDGE('',*,*,#554,.T.);
#704=ORIENTED_EDGE('',*,*,#555,.T.);
#705=ORIENTED_EDGE('',*,*,#556,.T.);
#706=ORIENTED_EDGE('',*,*,#557,.T.);
#707=ORIENTED_EDGE('',*,*,#558,.T.);
#708=ORIENTED_EDGE('',*,*,#559,.T.);
#709=ORIENTED_EDGE('',*,*,#560,.T.);
#710=ORIENTED_EDGE('',*,*,#551,.F.);
#711=ORIENTED_EDGE('',*,*,#552,.F.);
#712=ORIENTED_EDGE('',*,*,#560,.F.);
#713=ORIENTED_EDGE('',*,*,#561,.T.);
#714=ORIENTED_EDGE('',*,*,#562,.T.);
#715=ORIENTED_EDGE('',*,*,#553,.F.);
#716=ORIENTED_EDGE('',*,*,#554,.F.);
#717=ORIENTED_EDGE('',*,*,#562,.F.);
#718=ORIENTED_EDGE('',*,*,#563,.T.);
#719=ORIENTED_EDGE('',*,*,#564,.T.);
#720=ORIENTED_EDGE('',*,*,#555,.F.);
#721=ORIENTED_EDGE('',*,*,#556,.F.);
#722=ORIENTED_EDGE('',*,*,#564,.F.);
#723=ORIENTED_EDGE('',*,*,#565,.T.);
#724=ORIENTED_EDGE('',*,*,#566,.T.);
#725=ORIENTED_EDGE('',*,*,#557,.F.);
#726=ORIENTED_EDGE('',*,*,#558,.F.);
#727=ORIENTED_EDGE('',*,*,#566,.F.);
#728=ORIENTED_EDGE('',*,*,#567,.F.);
#729=ORIENTED_EDGE('',*,*,#568,.F.);
#730=ORIENTED_EDGE('',*,*,#559,.F.);
#731=ORIENTED_EDGE('',*,*,#569,.F.);
#732=ORIENTED_EDGE('',*,*,#561,.F.);
#733=ORIENTED_EDGE('',*,*,#570,.F.);
#734=ORIENTED_EDGE('',*,*,#563,.F.);
#735=ORIENTED_EDGE('',*,*,#571,.F.);
#736=ORIENTED_EDGE('',*,*,#565,.F.);
#737=ORIENTED_EDGE('',*,*,#572,.T.);
#738=ORIENTED_EDGE('',*,*,#573,.T.);
#739=ORIENTED_EDGE('',*,*,#567,.T.);
#740=ORIENTED_EDGE('',*,*,#573,.F.);
#741=ORIENTED_EDGE('',*,*,#574,.F.);
#742=ORIENTED_EDGE('',*,*,#568,.T.);
#743=ORIENTED_EDGE('',*,*,#575,.T.);
#744=ORIENTED_EDGE('',*,*,#576,.F.);
#745=ORIENTED_EDGE('',*,*,#575,.F.);
#746=ORIENTED_EDGE('',*,*,#569,.T.);
#747=ORIENTED_EDGE('',*,*,#577,.T.);
#748=ORIENTED_EDGE('',*,*,#578,.F.);
#749=ORIENTED_EDGE('',*,*,#577,.F.);
#750=ORIENTED_EDGE('',*,*,#570,.T.);
#751=ORIENTED_EDGE('',*,*,#579,.T.);
#752=ORIENTED_EDGE('',*,*,#580,.F.);
#753=ORIENTED_EDGE('',*,*,#579,.F.);
#754=ORIENTED_EDGE('',*,*,#571,.T.);
#755=ORIENTED_EDGE('',*,*,#581,.T.);
#756=ORIENTED_EDGE('',*,*,#582,.F.);
#757=ORIENTED_EDGE('',*,*,#581,.F.);
#758=ORIENTED_EDGE('',*,*,#583,.T.);
#759=ORIENTED_EDGE('',*,*,#584,.T.);
#760=ORIENTED_EDGE('',*,*,#585,.T.);
#761=ORIENTED_EDGE('',*,*,#586,.T.);
#762=ORIENTED_EDGE('',*,*,#587,.T.);
#763=ORIENTED_EDGE('',*,*,#588,.F.);
#764=ORIENTED_EDGE('',*,*,#589,.F.);
#765=ORIENTED_EDGE('',*,*,#590,.T.);
#766=ORIENTED_EDGE('',*,*,#591,.F.);
#767=ORIENTED_EDGE('',*,*,#592,.F.);
#768=ORIENTED_EDGE('',*,*,#593,.F.);
#769=ORIENTED_EDGE('',*,*,#594,.F.);
#770=ORIENTED_EDGE('',*,*,#572,.F.);
#771=ORIENTED_EDGE('',*,*,#595,.F.);
#772=ORIENTED_EDGE('',*,*,#596,.F.);
#773=ORIENTED_EDGE('',*,*,#597,.T.);
#774=ORIENTED_EDGE('',*,*,#598,.F.);
#775=ORIENTED_EDGE('',*,*,#584,.F.);
#776=ORIENTED_EDGE('',*,*,#599,.F.);
#777=ORIENTED_EDGE('',*,*,#600,.T.);
#778=ORIENTED_EDGE('',*,*,#601,.F.);
#779=ORIENTED_EDGE('',*,*,#586,.F.);
#780=ORIENTED_EDGE('',*,*,#602,.T.);
#781=ORIENTED_EDGE('',*,*,#603,.F.);
#782=ORIENTED_EDGE('',*,*,#587,.F.);
#783=ORIENTED_EDGE('',*,*,#601,.T.);
#784=ORIENTED_EDGE('',*,*,#604,.F.);
#785=ORIENTED_EDGE('',*,*,#605,.F.);
#786=ORIENTED_EDGE('',*,*,#593,.T.);
#787=ORIENTED_EDGE('',*,*,#606,.F.);
#788=ORIENTED_EDGE('',*,*,#607,.F.);
#789=ORIENTED_EDGE('',*,*,#608,.T.);
#790=ORIENTED_EDGE('',*,*,#574,.T.);
#791=ORIENTED_EDGE('',*,*,#608,.F.);
#792=ORIENTED_EDGE('',*,*,#609,.T.);
#793=ORIENTED_EDGE('',*,*,#610,.T.);
#794=ORIENTED_EDGE('',*,*,#611,.F.);
#795=ORIENTED_EDGE('',*,*,#612,.F.);
#796=ORIENTED_EDGE('',*,*,#596,.T.);
#797=ORIENTED_EDGE('',*,*,#583,.F.);
#798=ORIENTED_EDGE('',*,*,#598,.T.);
#799=ORIENTED_EDGE('',*,*,#613,.F.);
#800=ORIENTED_EDGE('',*,*,#614,.F.);
#801=ORIENTED_EDGE('',*,*,#615,.T.);
#802=ORIENTED_EDGE('',*,*,#606,.T.);
#803=ORIENTED_EDGE('',*,*,#592,.T.);
#804=ORIENTED_EDGE('',*,*,#582,.T.);
#805=ORIENTED_EDGE('',*,*,#580,.T.);
#806=ORIENTED_EDGE('',*,*,#578,.T.);
#807=ORIENTED_EDGE('',*,*,#576,.T.);
#808=ORIENTED_EDGE('',*,*,#616,.T.);
#809=ORIENTED_EDGE('',*,*,#617,.F.);
#810=ORIENTED_EDGE('',*,*,#588,.T.);
#811=ORIENTED_EDGE('',*,*,#603,.T.);
#812=ORIENTED_EDGE('',*,*,#618,.T.);
#813=ORIENTED_EDGE('',*,*,#619,.F.);
#814=ORIENTED_EDGE('',*,*,#620,.F.);
#815=ORIENTED_EDGE('',*,*,#621,.T.);
#816=ORIENTED_EDGE('',*,*,#622,.T.);
#817=ORIENTED_EDGE('',*,*,#623,.F.);
#818=ORIENTED_EDGE('',*,*,#589,.T.);
#819=ORIENTED_EDGE('',*,*,#617,.T.);
#820=ORIENTED_EDGE('',*,*,#624,.T.);
#821=ORIENTED_EDGE('',*,*,#590,.F.);
#822=ORIENTED_EDGE('',*,*,#623,.T.);
#823=ORIENTED_EDGE('',*,*,#625,.T.);
#824=ORIENTED_EDGE('',*,*,#626,.T.);
#825=ORIENTED_EDGE('',*,*,#594,.T.);
#826=ORIENTED_EDGE('',*,*,#605,.T.);
#827=ORIENTED_EDGE('',*,*,#627,.T.);
#828=ORIENTED_EDGE('',*,*,#599,.T.);
#829=ORIENTED_EDGE('',*,*,#585,.F.);
#830=ORIENTED_EDGE('',*,*,#624,.F.);
#831=ORIENTED_EDGE('',*,*,#628,.T.);
#832=ORIENTED_EDGE('',*,*,#629,.F.);
#833=ORIENTED_EDGE('',*,*,#609,.F.);
#834=ORIENTED_EDGE('',*,*,#591,.T.);
#835=ORIENTED_EDGE('',*,*,#626,.F.);
#836=ORIENTED_EDGE('',*,*,#630,.F.);
#837=ORIENTED_EDGE('',*,*,#631,.T.);
#838=ORIENTED_EDGE('',*,*,#595,.T.);
#839=ORIENTED_EDGE('',*,*,#631,.F.);
#840=ORIENTED_EDGE('',*,*,#632,.F.);
#841=ORIENTED_EDGE('',*,*,#633,.F.);
#842=ORIENTED_EDGE('',*,*,#634,.F.);
#843=ORIENTED_EDGE('',*,*,#613,.T.);
#844=ORIENTED_EDGE('',*,*,#597,.F.);
#845=ORIENTED_EDGE('',*,*,#612,.T.);
#846=ORIENTED_EDGE('',*,*,#635,.F.);
#847=ORIENTED_EDGE('',*,*,#636,.F.);
#848=ORIENTED_EDGE('',*,*,#637,.F.);
#849=ORIENTED_EDGE('',*,*,#618,.F.);
#850=ORIENTED_EDGE('',*,*,#602,.F.);
#851=ORIENTED_EDGE('',*,*,#600,.F.);
#852=ORIENTED_EDGE('',*,*,#627,.F.);
#853=ORIENTED_EDGE('',*,*,#604,.T.);
#854=ORIENTED_EDGE('',*,*,#615,.F.);
#855=ORIENTED_EDGE('',*,*,#607,.T.);
#856=ORIENTED_EDGE('',*,*,#637,.T.);
#857=ORIENTED_EDGE('',*,*,#638,.F.);
#858=ORIENTED_EDGE('',*,*,#639,.F.);
#859=ORIENTED_EDGE('',*,*,#619,.T.);
#860=ORIENTED_EDGE('',*,*,#640,.T.);
#861=ORIENTED_EDGE('',*,*,#620,.T.);
#862=ORIENTED_EDGE('',*,*,#639,.T.);
#863=ORIENTED_EDGE('',*,*,#641,.T.);
#864=ORIENTED_EDGE('',*,*,#642,.T.);
#865=ORIENTED_EDGE('',*,*,#621,.F.);
#866=ORIENTED_EDGE('',*,*,#640,.F.);
#867=ORIENTED_EDGE('',*,*,#643,.T.);
#868=ORIENTED_EDGE('',*,*,#610,.F.);
#869=ORIENTED_EDGE('',*,*,#629,.T.);
#870=ORIENTED_EDGE('',*,*,#628,.F.);
#871=ORIENTED_EDGE('',*,*,#625,.F.);
#872=ORIENTED_EDGE('',*,*,#622,.F.);
#873=ORIENTED_EDGE('',*,*,#616,.F.);
#874=ORIENTED_EDGE('',*,*,#642,.F.);
#875=ORIENTED_EDGE('',*,*,#644,.F.);
#876=ORIENTED_EDGE('',*,*,#630,.T.);
#877=ORIENTED_EDGE('',*,*,#645,.F.);
#878=ORIENTED_EDGE('',*,*,#646,.F.);
#879=ORIENTED_EDGE('',*,*,#647,.T.);
#880=ORIENTED_EDGE('',*,*,#632,.T.);
#881=ORIENTED_EDGE('',*,*,#647,.F.);
#882=ORIENTED_EDGE('',*,*,#648,.F.);
#883=ORIENTED_EDGE('',*,*,#649,.F.);
#884=ORIENTED_EDGE('',*,*,#650,.T.);
#885=ORIENTED_EDGE('',*,*,#539,.T.);
#886=ORIENTED_EDGE('',*,*,#650,.F.);
#887=ORIENTED_EDGE('',*,*,#651,.F.);
#888=ORIENTED_EDGE('',*,*,#652,.F.);
#889=ORIENTED_EDGE('',*,*,#653,.T.);
#890=ORIENTED_EDGE('',*,*,#536,.T.);
#891=ORIENTED_EDGE('',*,*,#653,.F.);
#892=ORIENTED_EDGE('',*,*,#654,.F.);
#893=ORIENTED_EDGE('',*,*,#655,.F.);
#894=ORIENTED_EDGE('',*,*,#656,.T.);
#895=ORIENTED_EDGE('',*,*,#540,.T.);
#896=ORIENTED_EDGE('',*,*,#656,.F.);
#897=ORIENTED_EDGE('',*,*,#657,.F.);
#898=ORIENTED_EDGE('',*,*,#658,.F.);
#899=ORIENTED_EDGE('',*,*,#659,.T.);
#900=ORIENTED_EDGE('',*,*,#535,.T.);
#901=ORIENTED_EDGE('',*,*,#659,.F.);
#902=ORIENTED_EDGE('',*,*,#660,.F.);
#903=ORIENTED_EDGE('',*,*,#661,.F.);
#904=ORIENTED_EDGE('',*,*,#662,.T.);
#905=ORIENTED_EDGE('',*,*,#541,.T.);
#906=ORIENTED_EDGE('',*,*,#662,.F.);
#907=ORIENTED_EDGE('',*,*,#663,.F.);
#908=ORIENTED_EDGE('',*,*,#664,.F.);
#909=ORIENTED_EDGE('',*,*,#665,.T.);
#910=ORIENTED_EDGE('',*,*,#534,.T.);
#911=ORIENTED_EDGE('',*,*,#665,.F.);
#912=ORIENTED_EDGE('',*,*,#666,.F.);
#913=ORIENTED_EDGE('',*,*,#667,.F.);
#914=ORIENTED_EDGE('',*,*,#668,.T.);
#915=ORIENTED_EDGE('',*,*,#633,.T.);
#916=ORIENTED_EDGE('',*,*,#668,.F.);
#917=ORIENTED_EDGE('',*,*,#669,.F.);
#918=ORIENTED_EDGE('',*,*,#670,.F.);
#919=ORIENTED_EDGE('',*,*,#671,.T.);
#920=ORIENTED_EDGE('',*,*,#634,.T.);
#921=ORIENTED_EDGE('',*,*,#671,.F.);
#922=ORIENTED_EDGE('',*,*,#672,.F.);
#923=ORIENTED_EDGE('',*,*,#673,.F.);
#924=ORIENTED_EDGE('',*,*,#674,.T.);
#925=ORIENTED_EDGE('',*,*,#538,.T.);
#926=ORIENTED_EDGE('',*,*,#674,.F.);
#927=ORIENTED_EDGE('',*,*,#644,.T.);
#928=ORIENTED_EDGE('',*,*,#643,.F.);
#929=ORIENTED_EDGE('',*,*,#641,.F.);
#930=ORIENTED_EDGE('',*,*,#638,.T.);
#931=ORIENTED_EDGE('',*,*,#636,.T.);
#932=ORIENTED_EDGE('',*,*,#614,.T.);
#933=ORIENTED_EDGE('',*,*,#635,.T.);
#934=ORIENTED_EDGE('',*,*,#611,.T.);
#935=ORIENTED_EDGE('',*,*,#542,.T.);
#936=ORIENTED_EDGE('',*,*,#543,.T.);
#937=ORIENTED_EDGE('',*,*,#545,.T.);
#938=ORIENTED_EDGE('',*,*,#546,.T.);
#939=ORIENTED_EDGE('',*,*,#548,.T.);
#940=ORIENTED_EDGE('',*,*,#549,.T.);
#941=ORIENTED_EDGE('',*,*,#672,.T.);
#942=ORIENTED_EDGE('',*,*,#673,.T.);
#943=ORIENTED_EDGE('',*,*,#669,.T.);
#944=ORIENTED_EDGE('',*,*,#670,.T.);
#945=ORIENTED_EDGE('',*,*,#666,.T.);
#946=ORIENTED_EDGE('',*,*,#667,.T.);
#947=ORIENTED_EDGE('',*,*,#663,.T.);
#948=ORIENTED_EDGE('',*,*,#664,.T.);
#949=ORIENTED_EDGE('',*,*,#660,.T.);
#950=ORIENTED_EDGE('',*,*,#661,.T.);
#951=ORIENTED_EDGE('',*,*,#657,.T.);
#952=ORIENTED_EDGE('',*,*,#658,.T.);
#953=ORIENTED_EDGE('',*,*,#654,.T.);
#954=ORIENTED_EDGE('',*,*,#655,.T.);
#955=ORIENTED_EDGE('',*,*,#651,.T.);
#956=ORIENTED_EDGE('',*,*,#652,.T.);
#957=ORIENTED_EDGE('',*,*,#648,.T.);
#958=ORIENTED_EDGE('',*,*,#649,.T.);
#959=ORIENTED_EDGE('',*,*,#645,.T.);
#960=ORIENTED_EDGE('',*,*,#646,.T.);
#961=PLANE('',#1076);
#962=PLANE('',#1078);
#963=PLANE('',#1080);
#964=PLANE('',#1082);
#965=PLANE('',#1084);
#966=PLANE('',#1086);
#967=PLANE('',#1088);
#968=PLANE('',#1090);
#969=PLANE('',#1092);
#970=PLANE('',#1094);
#971=PLANE('',#1111);
#972=PLANE('',#1113);
#973=PLANE('',#1115);
#974=PLANE('',#1117);
#975=PLANE('',#1119);
#976=PLANE('',#1123);
#977=PLANE('',#1129);
#978=PLANE('',#1132);
#979=PLANE('',#1137);
#980=PLANE('',#1140);
#981=PLANE('',#1146);
#982=PLANE('',#1147);
#983=PLANE('',#1159);
#984=PLANE('',#1165);
#985=PLANE('',#1168);
#986=PLANE('',#1170);
#987=PLANE('',#1172);
#988=PLANE('',#1174);
#989=PLANE('',#1176);
#990=PLANE('',#1178);
#991=PLANE('',#1179);
#992=PLANE('',#1181);
#993=PLANE('',#1182);
#994=ADVANCED_FACE('',(#220),#961,.F.);
#995=ADVANCED_FACE('',(#221),#962,.F.);
#996=ADVANCED_FACE('',(#222),#963,.F.);
#997=ADVANCED_FACE('',(#223),#964,.F.);
#998=ADVANCED_FACE('',(#224),#965,.F.);
#999=ADVANCED_FACE('',(#225),#966,.F.);
#1000=ADVANCED_FACE('',(#226),#967,.F.);
#1001=ADVANCED_FACE('',(#227),#968,.F.);
#1002=ADVANCED_FACE('',(#228),#969,.F.);
#1003=ADVANCED_FACE('',(#229),#970,.F.);
#1004=ADVANCED_FACE('',(#230),#185,.F.);
#1005=ADVANCED_FACE('',(#231),#186,.F.);
#1006=ADVANCED_FACE('',(#232),#187,.F.);
#1007=ADVANCED_FACE('',(#233),#188,.F.);
#1008=ADVANCED_FACE('',(#234),#189,.F.);
#1009=ADVANCED_FACE('',(#235),#190,.F.);
#1010=ADVANCED_FACE('',(#236),#191,.F.);
#1011=ADVANCED_FACE('',(#237),#192,.F.);
#1012=ADVANCED_FACE('',(#238),#193,.F.);
#1013=ADVANCED_FACE('',(#239),#194,.F.);
#1014=ADVANCED_FACE('',(#240),#195,.F.);
#1015=ADVANCED_FACE('',(#241),#971,.T.);
#1016=ADVANCED_FACE('',(#242,#15),#972,.F.);
#1017=ADVANCED_FACE('',(#243,#16),#973,.F.);
#1018=ADVANCED_FACE('',(#244,#17),#974,.F.);
#1019=ADVANCED_FACE('',(#245,#18),#975,.F.);
#1020=ADVANCED_FACE('',(#246),#196,.F.);
#1021=ADVANCED_FACE('',(#247),#976,.T.);
#1022=ADVANCED_FACE('',(#248),#197,.T.);
#1023=ADVANCED_FACE('',(#249),#198,.T.);
#1024=ADVANCED_FACE('',(#250),#199,.T.);
#1025=ADVANCED_FACE('',(#251),#200,.T.);
#1026=ADVANCED_FACE('',(#252),#977,.T.);
#1027=ADVANCED_FACE('',(#253),#978,.F.);
#1028=ADVANCED_FACE('',(#254,#19),#979,.F.);
#1029=ADVANCED_FACE('',(#255),#980,.T.);
#1030=ADVANCED_FACE('',(#256),#201,.F.);
#1031=ADVANCED_FACE('',(#257),#202,.F.);
#1032=ADVANCED_FACE('',(#258),#981,.T.);
#1033=ADVANCED_FACE('',(#259),#982,.F.);
#1034=ADVANCED_FACE('',(#260),#203,.F.);
#1035=ADVANCED_FACE('',(#261,#20,#21,#22,#23),#204,.F.);
#1036=ADVANCED_FACE('',(#262),#205,.T.);
#1037=ADVANCED_FACE('',(#263),#983,.T.);
#1038=ADVANCED_FACE('',(#264),#206,.F.);
#1039=ADVANCED_FACE('',(#265),#207,.T.);
#1040=ADVANCED_FACE('',(#266),#984,.F.);
#1041=ADVANCED_FACE('',(#267),#208,.F.);
#1042=ADVANCED_FACE('',(#268),#985,.F.);
#1043=ADVANCED_FACE('',(#269),#986,.F.);
#1044=ADVANCED_FACE('',(#270),#987,.F.);
#1045=ADVANCED_FACE('',(#271),#988,.F.);
#1046=ADVANCED_FACE('',(#272,#24),#989,.T.);
#1047=ADVANCED_FACE('',(#273),#990,.T.);
#1048=ADVANCED_FACE('',(#274),#991,.T.);
#1049=ADVANCED_FACE('',(#275),#992,.T.);
#1050=ADVANCED_FACE('',(#276,#25),#993,.T.);
#1051=ADVANCED_FACE('',(#277),#209,.F.);
#1052=ADVANCED_FACE('',(#278),#210,.F.);
#1053=ADVANCED_FACE('',(#279),#211,.F.);
#1054=ADVANCED_FACE('',(#280),#212,.F.);
#1055=ADVANCED_FACE('',(#281),#213,.F.);
#1056=ADVANCED_FACE('',(#282),#214,.F.);
#1057=ADVANCED_FACE('',(#283),#215,.F.);
#1058=ADVANCED_FACE('',(#284),#216,.F.);
#1059=ADVANCED_FACE('',(#285),#217,.F.);
#1060=ADVANCED_FACE('',(#286),#218,.F.);
#1061=ADVANCED_FACE('',(#287,#26,#27,#28,#29,#30,#31,#32,#33,#34,#35,#36,
#37,#38),#219,.T.);
#1062=CLOSED_SHELL('',(#994,#995,#996,#997,#998,#999,#1000,#1001,#1002,
#1003,#1004,#1005,#1006,#1007,#1008,#1009,#1010,#1011,#1012,#1013,#1014,
#1015,#1016,#1017,#1018,#1019,#1020,#1021,#1022,#1023,#1024,#1025,#1026,
#1027,#1028,#1029,#1030,#1031,#1032,#1033,#1034,#1035,#1036,#1037,#1038,
#1039,#1040,#1041,#1042,#1043,#1044,#1045,#1046,#1047,#1048,#1049,#1050,
#1051,#1052,#1053,#1054,#1055,#1056,#1057,#1058,#1059,#1060,#1061));
#1063=DERIVED_UNIT_ELEMENT(#1065,1.);
#1064=DERIVED_UNIT_ELEMENT(#2589,-3.);
#1065=(
MASS_UNIT()
NAMED_UNIT(*)
SI_UNIT(.KILO.,.GRAM.)
);
#1066=DERIVED_UNIT((#1063,#1064));
#1067=MEASURE_REPRESENTATION_ITEM('density measure',
POSITIVE_RATIO_MEASURE(1060.),#1066);
#1068=PROPERTY_DEFINITION_REPRESENTATION(#1073,#1070);
#1069=PROPERTY_DEFINITION_REPRESENTATION(#1074,#1071);
#1070=REPRESENTATION('material name',(#1072),#2586);
#1071=REPRESENTATION('density',(#1067),#2586);
#1072=DESCRIPTIVE_REPRESENTATION_ITEM('ABS Plastic','ABS Plastic');
#1073=PROPERTY_DEFINITION('material property','material name',#2596);
#1074=PROPERTY_DEFINITION('material property','density of part',#2596);
#1075=AXIS2_PLACEMENT_3D('',#1489,#1195,#1196);
#1076=AXIS2_PLACEMENT_3D('',#1490,#1197,#1198);
#1077=AXIS2_PLACEMENT_3D('',#1492,#1199,#1200);
#1078=AXIS2_PLACEMENT_3D('',#1493,#1201,#1202);
#1079=AXIS2_PLACEMENT_3D('',#1495,#1203,#1204);
#1080=AXIS2_PLACEMENT_3D('',#1496,#1205,#1206);
#1081=AXIS2_PLACEMENT_3D('',#1498,#1207,#1208);
#1082=AXIS2_PLACEMENT_3D('',#1499,#1209,#1210);
#1083=AXIS2_PLACEMENT_3D('',#1501,#1211,#1212);
#1084=AXIS2_PLACEMENT_3D('',#1502,#1213,#1214);
#1085=AXIS2_PLACEMENT_3D('',#1504,#1215,#1216);
#1086=AXIS2_PLACEMENT_3D('',#1505,#1217,#1218);
#1087=AXIS2_PLACEMENT_3D('',#1507,#1219,#1220);
#1088=AXIS2_PLACEMENT_3D('',#1508,#1221,#1222);
#1089=AXIS2_PLACEMENT_3D('',#1510,#1223,#1224);
#1090=AXIS2_PLACEMENT_3D('',#1511,#1225,#1226);
#1091=AXIS2_PLACEMENT_3D('',#1513,#1227,#1228);
#1092=AXIS2_PLACEMENT_3D('',#1514,#1229,#1230);
#1093=AXIS2_PLACEMENT_3D('',#1516,#1231,#1232);
#1094=AXIS2_PLACEMENT_3D('',#1517,#1233,#1234);
#1095=AXIS2_PLACEMENT_3D('',#1519,#1235,#1236);
#1096=AXIS2_PLACEMENT_3D('',#1520,#1237,#1238);
#1097=AXIS2_PLACEMENT_3D('',#1560,#1240,#1241);
#1098=AXIS2_PLACEMENT_3D('',#1600,#1243,#1244);
#1099=AXIS2_PLACEMENT_3D('',#1640,#1246,#1247);
#1100=AXIS2_PLACEMENT_3D('',#1679,#1248,#1249);
#1101=AXIS2_PLACEMENT_3D('',#1718,#1250,#1251);
#1102=AXIS2_PLACEMENT_3D('',#1757,#1252,#1253);
#1103=AXIS2_PLACEMENT_3D('',#1796,#1254,#1255);
#1104=AXIS2_PLACEMENT_3D('',#1798,#1256,#1257);
#1105=AXIS2_PLACEMENT_3D('',#1800,#1259,#1260);
#1106=AXIS2_PLACEMENT_3D('',#1802,#1261,#1262);
#1107=AXIS2_PLACEMENT_3D('',#1804,#1264,#1265);
#1108=AXIS2_PLACEMENT_3D('',#1806,#1266,#1267);
#1109=AXIS2_PLACEMENT_3D('',#1808,#1269,#1270);
#1110=AXIS2_PLACEMENT_3D('',#1810,#1271,#1272);
#1111=AXIS2_PLACEMENT_3D('',#1812,#1274,#1275);
#1112=AXIS2_PLACEMENT_3D('',#1814,#1276,#1277);
#1113=AXIS2_PLACEMENT_3D('',#1815,#1278,#1279);
#1114=AXIS2_PLACEMENT_3D('',#1817,#1280,#1281);
#1115=AXIS2_PLACEMENT_3D('',#1818,#1282,#1283);
#1116=AXIS2_PLACEMENT_3D('',#1820,#1284,#1285);
#1117=AXIS2_PLACEMENT_3D('',#1821,#1286,#1287);
#1118=AXIS2_PLACEMENT_3D('',#1823,#1288,#1289);
#1119=AXIS2_PLACEMENT_3D('',#1824,#1290,#1291);
#1120=AXIS2_PLACEMENT_3D('',#1826,#1292,#1293);
#1121=AXIS2_PLACEMENT_3D('',#1827,#1294,#1295);
#1122=AXIS2_PLACEMENT_3D('',#1829,#1296,#1297);
#1123=AXIS2_PLACEMENT_3D('',#1831,#1299,#1300);
#1124=AXIS2_PLACEMENT_3D('',#1833,#1301,#1302);
#1125=AXIS2_PLACEMENT_3D('',#1834,#1303,#1304);
#1126=AXIS2_PLACEMENT_3D('',#1871,#1306,#1307);
#1127=AXIS2_PLACEMENT_3D('',#1908,#1309,#1310);
#1128=AXIS2_PLACEMENT_3D('',#1945,#1312,#1313);
#1129=AXIS2_PLACEMENT_3D('',#1982,#1315,#1316);
#1130=AXIS2_PLACEMENT_3D('',#1985,#1317,#1318);
#1131=AXIS2_PLACEMENT_3D('',#1986,#1319,#1320);
#1132=AXIS2_PLACEMENT_3D('',#1987,#1321,#1322);
#1133=AXIS2_PLACEMENT_3D('',#1990,#1323,#1324);
#1134=AXIS2_PLACEMENT_3D('',#1992,#1325,#1326);
#1135=AXIS2_PLACEMENT_3D('',#1996,#1328,#1329);
#1136=AXIS2_PLACEMENT_3D('',#1999,#1331,#1332);
#1137=AXIS2_PLACEMENT_3D('',#2000,#1333,#1334);
#1138=AXIS2_PLACEMENT_3D('',#2005,#1336,#1337);
#1139=AXIS2_PLACEMENT_3D('',#2008,#1339,#1340);
#1140=AXIS2_PLACEMENT_3D('',#2009,#1341,#1342);
#1141=AXIS2_PLACEMENT_3D('',#2011,#1343,#1344);
#1142=AXIS2_PLACEMENT_3D('',#2012,#1345,#1346);
#1143=AXIS2_PLACEMENT_3D('',#2016,#1348,#1349);
#1144=AXIS2_PLACEMENT_3D('',#2018,#1351,#1352);
#1145=AXIS2_PLACEMENT_3D('',#2022,#1354,#1355);
#1146=AXIS2_PLACEMENT_3D('',#2024,#1357,#1358);
#1147=AXIS2_PLACEMENT_3D('',#2028,#1361,#1362);
#1148=AXIS2_PLACEMENT_3D('',#2034,#1366,#1367);
#1149=AXIS2_PLACEMENT_3D('',#2036,#1368,#1369);
#1150=AXIS2_PLACEMENT_3D('',#2038,#1371,#1372);
#1151=AXIS2_PLACEMENT_3D('',#2042,#1374,#1375);
#1152=AXIS2_PLACEMENT_3D('',#2045,#1377,#1378);
#1153=AXIS2_PLACEMENT_3D('',#2047,#1379,#1380);
#1154=AXIS2_PLACEMENT_3D('',#2050,#1382,#1383);
#1155=AXIS2_PLACEMENT_3D('',#2051,#1384,#1385);
#1156=AXIS2_PLACEMENT_3D('',#2054,#1386,#1387);
#1157=AXIS2_PLACEMENT_3D('',#2057,#1389,#1390);
#1158=AXIS2_PLACEMENT_3D('',#2061,#1392,#1393);
#1159=AXIS2_PLACEMENT_3D('',#2063,#1395,#1396);
#1160=AXIS2_PLACEMENT_3D('',#2067,#1399,#1400);
#1161=AXIS2_PLACEMENT_3D('',#2070,#1402,#1403);
#1162=AXIS2_PLACEMENT_3D('',#2071,#1404,#1405);
#1163=AXIS2_PLACEMENT_3D('',#2074,#1407,#1408);
#1164=AXIS2_PLACEMENT_3D('',#2075,#1409,#1410);
#1165=AXIS2_PLACEMENT_3D('',#2076,#1411,#1412);
#1166=AXIS2_PLACEMENT_3D('',#2078,#1414,#1415);
#1167=AXIS2_PLACEMENT_3D('',#2080,#1416,#1417);
#1168=AXIS2_PLACEMENT_3D('',#2082,#1419,#1420);
#1169=AXIS2_PLACEMENT_3D('',#2084,#1421,#1422);
#1170=AXIS2_PLACEMENT_3D('',#2085,#1423,#1424);
#1171=AXIS2_PLACEMENT_3D('',#2087,#1425,#1426);
#1172=AXIS2_PLACEMENT_3D('',#2088,#1427,#1428);
#1173=AXIS2_PLACEMENT_3D('',#2090,#1429,#1430);
#1174=AXIS2_PLACEMENT_3D('',#2091,#1431,#1432);
#1175=AXIS2_PLACEMENT_3D('',#2092,#1433,#1434);
#1176=AXIS2_PLACEMENT_3D('',#2093,#1435,#1436);
#1177=AXIS2_PLACEMENT_3D('',#2095,#1437,#1438);
#1178=AXIS2_PLACEMENT_3D('',#2097,#1440,#1441);
#1179=AXIS2_PLACEMENT_3D('',#2101,#1444,#1445);
#1180=AXIS2_PLACEMENT_3D('',#2104,#1447,#1448);
#1181=AXIS2_PLACEMENT_3D('',#2105,#1449,#1450);
#1182=AXIS2_PLACEMENT_3D('',#2109,#1453,#1454);
#1183=AXIS2_PLACEMENT_3D('',#2110,#1455,#1456);
#1184=AXIS2_PLACEMENT_3D('',#2111,#1457,#1458);
#1185=AXIS2_PLACEMENT_3D('',#2175,#1460,#1461);
#1186=AXIS2_PLACEMENT_3D('',#2215,#1463,#1464);
#1187=AXIS2_PLACEMENT_3D('',#2255,#1466,#1467);
#1188=AXIS2_PLACEMENT_3D('',#2295,#1469,#1470);
#1189=AXIS2_PLACEMENT_3D('',#2335,#1472,#1473);
#1190=AXIS2_PLACEMENT_3D('',#2375,#1475,#1476);
#1191=AXIS2_PLACEMENT_3D('',#2415,#1478,#1479);
#1192=AXIS2_PLACEMENT_3D('',#2479,#1481,#1482);
#1193=AXIS2_PLACEMENT_3D('',#2543,#1484,#1485);
#1194=AXIS2_PLACEMENT_3D('',#2583,#1487,#1488);
#1195=DIRECTION('axis',(0.,0.,1.));
#1196=DIRECTION('refdir',(1.,0.,0.));
#1197=DIRECTION('center_axis',(-0.439856332551117,0.898068152600169,-1.05990775963171E-16));
#1198=DIRECTION('ref_axis',(-1.75540191446245E-18,-1.18880622035544E-16,
-1.));
#1199=DIRECTION('center_axis',(-0.439856332551117,0.898068152600169,-1.05990775963171E-16));
#1200=DIRECTION('ref_axis',(-4.83761159138699E-17,-2.36936816736401E-17,
-1.));
#1201=DIRECTION('center_axis',(-0.439856332551117,0.898068152600169,-1.05990775963171E-16));
#1202=DIRECTION('ref_axis',(-1.75540191446245E-18,-1.18880622035544E-16,
-1.));
#1203=DIRECTION('center_axis',(-0.439856332551117,0.898068152600169,-1.05990775963171E-16));
#1204=DIRECTION('ref_axis',(-4.837611591387E-17,-2.36936816736402E-17,-1.));
#1205=DIRECTION('center_axis',(-0.439856332551117,0.898068152600169,-1.05990775963171E-16));
#1206=DIRECTION('ref_axis',(-1.75540191446245E-18,-1.18880622035544E-16,
-1.));
#1207=DIRECTION('center_axis',(-0.439856332551117,0.898068152600169,-1.05990775963171E-16));
#1208=DIRECTION('ref_axis',(-1.75540191446246E-18,-1.18880622035544E-16,
-1.));
#1209=DIRECTION('center_axis',(-0.439856332551117,0.898068152600169,-1.05990775963171E-16));
#1210=DIRECTION('ref_axis',(-1.75540191446245E-18,-1.18880622035544E-16,
-1.));
#1211=DIRECTION('center_axis',(-0.439856332551117,0.898068152600169,-1.05990775963171E-16));
#1212=DIRECTION('ref_axis',(-1.75540191446246E-18,-1.18880622035544E-16,
-1.));
#1213=DIRECTION('center_axis',(-0.439856332551117,0.898068152600169,-1.05990775963171E-16));
#1214=DIRECTION('ref_axis',(-1.75540191446245E-18,-1.18880622035544E-16,
-1.));
#1215=DIRECTION('center_axis',(-0.439856332551117,0.898068152600169,-1.05990775963171E-16));
#1216=DIRECTION('ref_axis',(-1.75540191446246E-18,-1.18880622035544E-16,
-1.));
#1217=DIRECTION('center_axis',(0.439856332551117,0.898068152600169,-1.05990775963171E-16));
#1218=DIRECTION('ref_axis',(1.75540191446245E-18,-1.18880622035544E-16,
-1.));
#1219=DIRECTION('center_axis',(0.439856332551117,0.898068152600169,-1.05990775963171E-16));
#1220=DIRECTION('ref_axis',(1.75540191446245E-18,-1.18880622035544E-16,
-1.));
#1221=DIRECTION('center_axis',(0.439856332551117,0.898068152600169,-1.05990775963171E-16));
#1222=DIRECTION('ref_axis',(1.75540191446245E-18,-1.18880622035544E-16,
-1.));
#1223=DIRECTION('center_axis',(0.439856332551117,0.898068152600169,-1.05990775963171E-16));
#1224=DIRECTION('ref_axis',(4.83761159138699E-17,-2.36936816736401E-17,
-1.));
#1225=DIRECTION('center_axis',(0.439856332551117,0.898068152600169,-1.05990775963171E-16));
#1226=DIRECTION('ref_axis',(1.75540191446245E-18,-1.18880622035544E-16,
-1.));
#1227=DIRECTION('center_axis',(0.439856332551117,0.898068152600169,-1.05990775963171E-16));
#1228=DIRECTION('ref_axis',(1.75540191446245E-18,-1.18880622035544E-16,
-1.));
#1229=DIRECTION('center_axis',(0.439856332551117,0.898068152600169,-1.05990775963171E-16));
#1230=DIRECTION('ref_axis',(1.75540191446245E-18,-1.18880622035544E-16,
-1.));
#1231=DIRECTION('center_axis',(0.439856332551117,0.898068152600169,-1.05990775963171E-16));
#1232=DIRECTION('ref_axis',(1.75540191446245E-18,-1.18880622035544E-16,
-1.));
#1233=DIRECTION('center_axis',(0.439856332551117,0.898068152600169,-1.05990775963171E-16));
#1234=DIRECTION('ref_axis',(1.75540191446245E-18,-1.18880622035544E-16,
-1.));
#1235=DIRECTION('center_axis',(0.439856332551117,0.898068152600169,-1.05990775963171E-16));
#1236=DIRECTION('ref_axis',(1.75540191446245E-18,-1.18880622035544E-16,
-1.));
#1237=DIRECTION('center_axis',(-0.439856332551118,0.898068152600169,0.));
#1238=DIRECTION('ref_axis',(-4.83761159138699E-17,-2.36936816736403E-17,
-1.));
#1239=DIRECTION('',(-0.439856332551118,0.898068152600169,0.));
#1240=DIRECTION('center_axis',(-0.439856332551118,0.898068152600169,0.));
#1241=DIRECTION('ref_axis',(-4.83761159138698E-17,-2.36936816736402E-17,
-1.));
#1242=DIRECTION('',(-0.439856332551118,0.898068152600169,0.));
#1243=DIRECTION('center_axis',(0.439856332551118,0.898068152600169,0.));
#1244=DIRECTION('ref_axis',(4.83761159138701E-17,-2.36936816736404E-17,
-1.));
#1245=DIRECTION('',(0.439856332551118,0.898068152600169,0.));
#1246=DIRECTION('center_axis',(0.,1.22464679914735E-16,1.));
#1247=DIRECTION('ref_axis',(-1.,-1.22464679914735E-16,1.49975978266186E-32));
#1248=DIRECTION('center_axis',(0.,1.22464679914735E-16,1.));
#1249=DIRECTION('ref_axis',(-1.,-1.22464679914735E-16,1.49975978266186E-32));
#1250=DIRECTION('center_axis',(0.,1.22464679914735E-16,1.));
#1251=DIRECTION('ref_axis',(-1.,-1.22464679914735E-16,1.49975978266186E-32));
#1252=DIRECTION('center_axis',(0.,1.22464679914735E-16,1.));
#1253=DIRECTION('ref_axis',(-1.,-1.22464679914735E-16,1.49975978266186E-32));
#1254=DIRECTION('center_axis',(0.,-1.,0.));
#1255=DIRECTION('ref_axis',(1.,0.,0.));
#1256=DIRECTION('center_axis',(0.,1.,0.));
#1257=DIRECTION('ref_axis',(1.,0.,0.));
#1258=DIRECTION('',(0.,1.,0.));
#1259=DIRECTION('center_axis',(0.,-1.,0.));
#1260=DIRECTION('ref_axis',(1.,0.,0.));
#1261=DIRECTION('center_axis',(0.,1.,0.));
#1262=DIRECTION('ref_axis',(1.,0.,0.));
#1263=DIRECTION('',(0.,1.,0.));
#1264=DIRECTION('center_axis',(0.,-1.,0.));
#1265=DIRECTION('ref_axis',(1.,0.,0.));
#1266=DIRECTION('center_axis',(0.,1.,0.));
#1267=DIRECTION('ref_axis',(1.,0.,0.));
#1268=DIRECTION('',(0.,1.,0.));
#1269=DIRECTION('center_axis',(0.,-1.,0.));
#1270=DIRECTION('ref_axis',(1.,0.,0.));
#1271=DIRECTION('center_axis',(0.,1.,0.));
#1272=DIRECTION('ref_axis',(1.,0.,0.));
#1273=DIRECTION('',(0.,1.,0.));
#1274=DIRECTION('center_axis',(0.,0.,-1.));
#1275=DIRECTION('ref_axis',(1.,0.,0.));
#1276=DIRECTION('center_axis',(0.,0.,1.));
#1277=DIRECTION('ref_axis',(1.,0.,0.));
#1278=DIRECTION('center_axis',(0.,1.,0.));
#1279=DIRECTION('ref_axis',(1.,0.,0.));
#1280=DIRECTION('center_axis',(0.,1.,0.));
#1281=DIRECTION('ref_axis',(1.,0.,0.));
#1282=DIRECTION('center_axis',(0.,1.,0.));
#1283=DIRECTION('ref_axis',(1.,0.,0.));
#1284=DIRECTION('center_axis',(0.,1.,0.));
#1285=DIRECTION('ref_axis',(1.,0.,0.));
#1286=DIRECTION('center_axis',(0.,1.,0.));
#1287=DIRECTION('ref_axis',(1.,0.,0.));
#1288=DIRECTION('center_axis',(0.,1.,0.));
#1289=DIRECTION('ref_axis',(1.,0.,0.));
#1290=DIRECTION('center_axis',(0.,1.,0.));
#1291=DIRECTION('ref_axis',(1.,0.,0.));
#1292=DIRECTION('center_axis',(0.,1.,0.));
#1293=DIRECTION('ref_axis',(1.,0.,0.));
#1294=DIRECTION('center_axis',(0.,0.,1.));
#1295=DIRECTION('ref_axis',(1.,0.,0.));
#1296=DIRECTION('center_axis',(0.,-1.22464679914735E-16,-1.));
#1297=DIRECTION('ref_axis',(1.,0.,0.));
#1298=DIRECTION('',(0.,0.,1.));
#1299=DIRECTION('center_axis',(0.,0.,-1.));
#1300=DIRECTION('ref_axis',(1.,0.,0.));
#1301=DIRECTION('center_axis',(0.,0.,1.));
#1302=DIRECTION('ref_axis',(1.,0.,0.));
#1303=DIRECTION('center_axis',(0.,-1.,0.));
#1304=DIRECTION('ref_axis',(1.,0.,0.));
#1305=DIRECTION('',(0.,1.,0.));
#1306=DIRECTION('center_axis',(0.,-1.,0.));
#1307=DIRECTION('ref_axis',(1.,0.,0.));
#1308=DIRECTION('',(0.,1.,0.));
#1309=DIRECTION('center_axis',(0.,-1.,0.));
#1310=DIRECTION('ref_axis',(1.,0.,0.));
#1311=DIRECTION('',(0.,1.,0.));
#1312=DIRECTION('center_axis',(0.,-1.,0.));
#1313=DIRECTION('ref_axis',(1.,0.,0.));
#1314=DIRECTION('',(0.,1.,0.));
#1315=DIRECTION('center_axis',(0.,-1.22464679914735E-16,-1.));
#1316=DIRECTION('ref_axis',(-1.,0.,0.));
#1317=DIRECTION('center_axis',(0.,-1.22464679914735E-16,-1.));
#1318=DIRECTION('ref_axis',(-0.385902784811945,0.922539452096433,-1.12978498709705E-16));
#1319=DIRECTION('center_axis',(0.,-1.22464679914735E-16,-1.));
#1320=DIRECTION('ref_axis',(0.385902784811944,-0.922539452096433,1.12978498709705E-16));
#1321=DIRECTION('center_axis',(0.,-1.22464679914735E-16,-1.));
#1322=DIRECTION('ref_axis',(-1.,0.,0.));
#1323=DIRECTION('center_axis',(0.,1.22464679914735E-16,1.));
#1324=DIRECTION('ref_axis',(-1.,-1.22464679914735E-16,1.49975978266186E-32));
#1325=DIRECTION('center_axis',(0.,-1.22464679914735E-16,-1.));
#1326=DIRECTION('ref_axis',(1.,0.,0.));
#1327=DIRECTION('',(-0.483282383255003,-0.875464527000018,1.07213483075762E-16));
#1328=DIRECTION('center_axis',(0.,1.22464679914735E-16,1.));
#1329=DIRECTION('ref_axis',(1.,0.,0.));
#1330=DIRECTION('',(0.483282383255002,-0.875464527000018,1.07213483075762E-16));
#1331=DIRECTION('center_axis',(0.,-1.22464679914735E-16,-1.));
#1332=DIRECTION('ref_axis',(1.,0.,0.));
#1333=DIRECTION('center_axis',(0.,1.22464679914735E-16,1.));
#1334=DIRECTION('ref_axis',(1.,1.22464679914735E-16,-1.49975978266186E-32));
#1335=DIRECTION('',(0.,1.,-1.22464679914735E-16));
#1336=DIRECTION('center_axis',(0.,-1.22464679914735E-16,-1.));
#1337=DIRECTION('ref_axis',(-1.,-1.22464679914735E-16,1.49975978266186E-32));
#1338=DIRECTION('',(0.,-1.,1.22464679914735E-16));
#1339=DIRECTION('center_axis',(0.,1.22464679914735E-16,1.));
#1340=DIRECTION('ref_axis',(-1.,-1.22464679914735E-16,1.49975978266186E-32));
#1341=DIRECTION('center_axis',(0.,0.,-1.));
#1342=DIRECTION('ref_axis',(1.,0.,0.));
#1343=DIRECTION('center_axis',(0.,0.,1.));
#1344=DIRECTION('ref_axis',(1.,0.,0.));
#1345=DIRECTION('center_axis',(0.,-1.22464679914735E-16,-1.));
#1346=DIRECTION('ref_axis',(1.,0.,0.));
#1347=DIRECTION('',(0.,1.22464679914735E-16,1.));
#1348=DIRECTION('center_axis',(0.,-1.22464679914735E-16,-1.));
#1349=DIRECTION('ref_axis',(1.,0.,0.));
#1350=DIRECTION('',(0.,-1.22464679914735E-16,-1.));
#1351=DIRECTION('center_axis',(0.,-1.22464679914735E-16,-1.));
#1352=DIRECTION('ref_axis',(1.,0.,0.));
#1353=DIRECTION('',(0.,1.22464679914735E-16,1.));
#1354=DIRECTION('center_axis',(0.,-1.22464679914735E-16,-1.));
#1355=DIRECTION('ref_axis',(1.,0.,0.));
#1356=DIRECTION('',(0.,-1.22464679914735E-16,-1.));
#1357=DIRECTION('center_axis',(-0.875464527000018,0.483282383255002,-5.91850223737543E-17));
#1358=DIRECTION('ref_axis',(0.483282383255003,0.875464527000018,-1.07213483075762E-16));
#1359=DIRECTION('',(-0.483282383255003,-0.875464527000018,1.07213483075762E-16));
#1360=DIRECTION('',(0.,-1.22464679914735E-16,-1.));
#1361=DIRECTION('center_axis',(-1.,0.,0.));
#1362=DIRECTION('ref_axis',(0.,-1.,1.22464679914735E-16));
#1363=DIRECTION('',(0.,-1.,1.22464679914735E-16));
#1364=DIRECTION('',(0.,-1.22464679914735E-16,-1.));
#1365=DIRECTION('',(0.,1.22464679914735E-16,1.));
#1366=DIRECTION('center_axis',(0.,0.,1.));
#1367=DIRECTION('ref_axis',(1.,0.,0.));
#1368=DIRECTION('center_axis',(0.,1.22464679914735E-16,1.));
#1369=DIRECTION('ref_axis',(1.,0.,0.));
#1370=DIRECTION('',(0.,0.,1.));
#1371=DIRECTION('center_axis',(0.,1.22464679914735E-16,1.));
#1372=DIRECTION('ref_axis',(-1.,-1.22464679914735E-16,1.49975978266186E-32));
#1373=DIRECTION('',(0.,-1.22464679914735E-16,-1.));
#1374=DIRECTION('center_axis',(0.,-1.22464679914735E-16,-1.));
#1375=DIRECTION('ref_axis',(-1.,-1.22464679914735E-16,1.49975978266186E-32));
#1376=DIRECTION('',(0.,-1.22464679914735E-16,-1.));
#1377=DIRECTION('center_axis',(0.,-1.22464679914735E-16,-1.));
#1378=DIRECTION('ref_axis',(-1.,-1.22464679914735E-16,1.49975978266186E-32));
#1379=DIRECTION('center_axis',(0.,-1.22464679914735E-16,-1.));
#1380=DIRECTION('ref_axis',(-1.,-1.22464679914735E-16,1.49975978266186E-32));
#1381=DIRECTION('',(0.,1.22464679914735E-16,1.));
#1382=DIRECTION('center_axis',(0.,-1.22464679914735E-16,-1.));
#1383=DIRECTION('ref_axis',(-1.,-1.22464679914735E-16,1.49975978266186E-32));
#1384=DIRECTION('center_axis',(0.,-1.22464679914735E-16,-1.));
#1385=DIRECTION('ref_axis',(1.,0.,0.));
#1386=DIRECTION('center_axis',(0.,1.22464679914735E-16,1.));
#1387=DIRECTION('ref_axis',(1.,0.,0.));
#1388=DIRECTION('',(0.,1.22464679914735E-16,1.));
#1389=DIRECTION('center_axis',(0.,1.22464679914735E-16,1.));
#1390=DIRECTION('ref_axis',(1.,0.,0.));
#1391=DIRECTION('',(0.,1.22464679914735E-16,1.));
#1392=DIRECTION('center_axis',(0.,1.22464679914735E-16,1.));
#1393=DIRECTION('ref_axis',(1.,0.,0.));
#1394=DIRECTION('',(0.,-1.22464679914735E-16,-1.));
#1395=DIRECTION('center_axis',(0.875464527000018,0.483282383255002,-5.91850223737543E-17));
#1396=DIRECTION('ref_axis',(0.483282383255002,-0.875464527000018,1.07213483075762E-16));
#1397=DIRECTION('',(-0.483282383255002,0.875464527000018,-1.07213483075762E-16));
#1398=DIRECTION('',(0.,-1.22464679914735E-16,-1.));
#1399=DIRECTION('center_axis',(0.,-1.22464679914735E-16,-1.));
#1400=DIRECTION('ref_axis',(1.,0.,0.));
#1401=DIRECTION('',(0.,1.22464679914735E-16,1.));
#1402=DIRECTION('center_axis',(0.,-1.22464679914735E-16,-1.));
#1403=DIRECTION('ref_axis',(1.,0.,0.));
#1404=DIRECTION('center_axis',(0.,1.22464679914735E-16,1.));
#1405=DIRECTION('ref_axis',(-1.,-1.22464679914735E-16,1.49975978266186E-32));
#1406=DIRECTION('',(0.,1.22464679914735E-16,1.));
#1407=DIRECTION('center_axis',(0.,1.22464679914735E-16,1.));
#1408=DIRECTION('ref_axis',(-1.,-1.22464679914735E-16,1.49975978266186E-32));
#1409=DIRECTION('center_axis',(0.,1.22464679914735E-16,1.));
#1410=DIRECTION('ref_axis',(-1.,-1.22464679914735E-16,1.49975978266186E-32));
#1411=DIRECTION('center_axis',(1.,0.,0.));
#1412=DIRECTION('ref_axis',(0.,1.,-1.22464679914735E-16));
#1413=DIRECTION('',(0.,1.,-1.22464679914735E-16));
#1414=DIRECTION('center_axis',(0.,0.,1.));
#1415=DIRECTION('ref_axis',(1.,0.,0.));
#1416=DIRECTION('center_axis',(0.,1.22464679914735E-16,1.));
#1417=DIRECTION('ref_axis',(1.,0.,0.));
#1418=DIRECTION('',(0.,0.,1.));
#1419=DIRECTION('center_axis',(-6.12323399573677E-17,1.,-1.22464679914735E-16));
#1420=DIRECTION('ref_axis',(0.,-1.22464679914735E-16,-1.));
#1421=DIRECTION('center_axis',(-6.12323399573677E-17,1.,-1.22464679914735E-16));
#1422=DIRECTION('ref_axis',(0.,-1.22464679914735E-16,-1.));
#1423=DIRECTION('center_axis',(0.247489455919787,0.968890586809743,-1.17436874592268E-16));
#1424=DIRECTION('ref_axis',(3.01442403262239E-19,-1.2128457021713E-16,-1.));
#1425=DIRECTION('center_axis',(0.247489455919787,0.968890586809743,-1.17436874592268E-16));
#1426=DIRECTION('ref_axis',(3.01442403262242E-19,-1.2128457021713E-16,-1.));
#1427=DIRECTION('center_axis',(-0.247489455919787,0.968890586809743,-1.17436874592268E-16));
#1428=DIRECTION('ref_axis',(-3.0144240326222E-19,-1.2128457021713E-16,-1.));
#1429=DIRECTION('center_axis',(-0.247489455919787,0.968890586809743,-1.17436874592268E-16));
#1430=DIRECTION('ref_axis',(-3.01442403262212E-19,-1.2128457021713E-16,
-1.));
#1431=DIRECTION('center_axis',(0.,1.22464679914735E-16,1.));
#1432=DIRECTION('ref_axis',(-1.,0.,0.));
#1433=DIRECTION('center_axis',(0.,1.22464679914735E-16,1.));
#1434=DIRECTION('ref_axis',(1.,0.,0.));
#1435=DIRECTION('center_axis',(0.,-1.22464679914735E-16,-1.));
#1436=DIRECTION('ref_axis',(1.,0.,0.));
#1437=DIRECTION('center_axis',(0.,1.22464679914735E-16,1.));
#1438=DIRECTION('ref_axis',(1.,0.,0.));
#1439=DIRECTION('',(0.467929814260574,0.883765630088693,-1.08230075008456E-16));
#1440=DIRECTION('center_axis',(0.883765630088693,-0.467929814260574,5.73048749259827E-17));
#1441=DIRECTION('ref_axis',(-0.467929814260574,-0.883765630088693,1.08230075008456E-16));
#1442=DIRECTION('',(0.,-1.22464679914735E-16,-1.));
#1443=DIRECTION('',(0.467929814260574,0.883765630088693,-1.08230075008456E-16));
#1444=DIRECTION('center_axis',(0.,-1.22464679914735E-16,-1.));
#1445=DIRECTION('ref_axis',(1.,0.,0.));
#1446=DIRECTION('',(0.467929814260573,-0.883765630088693,1.08230075008456E-16));
#1447=DIRECTION('center_axis',(0.,1.22464679914735E-16,1.));
#1448=DIRECTION('ref_axis',(1.,0.,0.));
#1449=DIRECTION('center_axis',(-0.883765630088693,-0.467929814260573,5.73048749259827E-17));
#1450=DIRECTION('ref_axis',(-0.467929814260573,0.883765630088693,-1.08230075008456E-16));
#1451=DIRECTION('',(0.467929814260573,-0.883765630088693,1.08230075008456E-16));
#1452=DIRECTION('',(0.,-1.22464679914735E-16,-1.));
#1453=DIRECTION('center_axis',(0.,-1.22464679914735E-16,-1.));
#1454=DIRECTION('ref_axis',(1.,0.,0.));
#1455=DIRECTION('center_axis',(0.,1.22464679914735E-16,1.));
#1456=DIRECTION('ref_axis',(1.,0.,0.));
#1457=DIRECTION('center_axis',(-6.12323399573677E-17,1.,-1.22464679914735E-16));
#1458=DIRECTION('ref_axis',(0.,-1.22464679914735E-16,-1.));
#1459=DIRECTION('',(-6.12323399573677E-17,1.,-1.22464679914735E-16));
#1460=DIRECTION('center_axis',(0.439856332551117,0.898068152600169,-1.05990775963171E-16));
#1461=DIRECTION('ref_axis',(1.75540191446245E-18,-1.18880622035544E-16,
-1.));
#1462=DIRECTION('',(0.439856332551117,0.898068152600169,-1.05990775963171E-16));
#1463=DIRECTION('center_axis',(-0.439856332551117,0.898068152600169,-1.05990775963171E-16));
#1464=DIRECTION('ref_axis',(-1.75540191446246E-18,-1.18880622035544E-16,
-1.));
#1465=DIRECTION('',(-0.439856332551117,0.898068152600169,-1.05990775963171E-16));
#1466=DIRECTION('center_axis',(0.439856332551117,0.898068152600169,-1.05990775963171E-16));
#1467=DIRECTION('ref_axis',(1.75540191446245E-18,-1.18880622035544E-16,
-1.));
#1468=DIRECTION('',(0.439856332551117,0.898068152600169,-1.05990775963171E-16));
#1469=DIRECTION('center_axis',(-0.439856332551117,0.898068152600169,-1.05990775963171E-16));
#1470=DIRECTION('ref_axis',(-1.75540191446246E-18,-1.18880622035544E-16,
-1.));
#1471=DIRECTION('',(-0.439856332551117,0.898068152600169,-1.05990775963171E-16));
#1472=DIRECTION('center_axis',(0.439856332551117,0.898068152600169,-1.05990775963171E-16));
#1473=DIRECTION('ref_axis',(1.75540191446245E-18,-1.18880622035544E-16,
-1.));
#1474=DIRECTION('',(0.439856332551117,0.898068152600169,-1.05990775963171E-16));
#1475=DIRECTION('center_axis',(-0.439856332551117,0.898068152600169,-1.05990775963171E-16));
#1476=DIRECTION('ref_axis',(-1.75540191446246E-18,-1.18880622035544E-16,
-1.));
#1477=DIRECTION('',(-0.439856332551117,0.898068152600169,-1.05990775963171E-16));
#1478=DIRECTION('center_axis',(0.247489455919787,0.968890586809743,-1.17436874592268E-16));
#1479=DIRECTION('ref_axis',(3.01442403262242E-19,-1.2128457021713E-16,-1.));
#1480=DIRECTION('',(0.247489455919787,0.968890586809743,-1.17436874592268E-16));
#1481=DIRECTION('center_axis',(-0.247489455919787,0.968890586809743,-1.17436874592268E-16));
#1482=DIRECTION('ref_axis',(-3.01442403262212E-19,-1.2128457021713E-16,
-1.));
#1483=DIRECTION('',(-0.247489455919787,0.968890586809743,-1.17436874592268E-16));
#1484=DIRECTION('center_axis',(0.439856332551118,0.898068152600169,0.));
#1485=DIRECTION('ref_axis',(4.83761159138699E-17,-2.36936816736403E-17,
-1.));
#1486=DIRECTION('',(0.439856332551118,0.898068152600169,0.));
#1487=DIRECTION('center_axis',(0.,-1.22464679914735E-16,-1.));
#1488=DIRECTION('ref_axis',(1.,0.,0.));
#1489=CARTESIAN_POINT('',(0.,0.,0.));
#1490=CARTESIAN_POINT('Origin',(105.212829619834,263.835590007337,113.3265));
#1491=CARTESIAN_POINT('',(105.212829619834,263.835590007337,118.5765));
#1492=CARTESIAN_POINT('Origin',(105.212829619834,263.835590007337,113.3265));
#1493=CARTESIAN_POINT('Origin',(105.212829619834,263.835590007337,71.4785000000001));
#1494=CARTESIAN_POINT('',(105.212829619834,263.835590007337,76.7285000000001));
#1495=CARTESIAN_POINT('Origin',(105.212829619834,263.835590007337,71.4785000000001));
#1496=CARTESIAN_POINT('Origin',(105.212829619834,263.835590007337,40.055));
#1497=CARTESIAN_POINT('',(105.212829619834,263.835590007337,45.305));
#1498=CARTESIAN_POINT('Origin',(105.212829619834,263.835590007337,40.055));
#1499=CARTESIAN_POINT('Origin',(105.212829619834,263.835590007337,92.4025));
#1500=CARTESIAN_POINT('',(105.212829619834,263.835590007337,97.6525000000001));
#1501=CARTESIAN_POINT('Origin',(105.212829619834,263.835590007337,92.4025));
#1502=CARTESIAN_POINT('Origin',(105.212829619834,263.835590007337,144.75));
#1503=CARTESIAN_POINT('',(105.212829619834,263.835590007337,150.));
#1504=CARTESIAN_POINT('Origin',(105.212829619834,263.835590007337,144.75));
#1505=CARTESIAN_POINT('Origin',(-105.212829619834,263.835590007337,71.4785));
#1506=CARTESIAN_POINT('',(-105.212829619834,263.835590007337,76.7285));
#1507=CARTESIAN_POINT('Origin',(-105.212829619834,263.835590007337,71.4785));
#1508=CARTESIAN_POINT('Origin',(-105.212829619834,263.835590007337,113.3265));
#1509=CARTESIAN_POINT('',(-105.212829619834,263.835590007337,118.5765));
#1510=CARTESIAN_POINT('Origin',(-105.212829619834,263.835590007337,113.3265));
#1511=CARTESIAN_POINT('Origin',(-105.212829619834,263.835590007337,144.75));
#1512=CARTESIAN_POINT('',(-105.212829619834,263.835590007337,150.));
#1513=CARTESIAN_POINT('Origin',(-105.212829619834,263.835590007337,144.75));
#1514=CARTESIAN_POINT('Origin',(-105.212829619834,263.835590007337,92.4025));
#1515=CARTESIAN_POINT('',(-105.212829619834,263.835590007337,97.6525));
#1516=CARTESIAN_POINT('Origin',(-105.212829619834,263.835590007337,92.4025));
#1517=CARTESIAN_POINT('Origin',(-105.212829619834,263.835590007337,40.055));
#1518=CARTESIAN_POINT('',(-105.212829619834,263.835590007337,45.305));
#1519=CARTESIAN_POINT('Origin',(-105.212829619834,263.835590007337,40.055));
#1520=CARTESIAN_POINT('Origin',(106.576384250742,261.051578734276,71.4785000000001));
#1521=CARTESIAN_POINT('',(110.915058648747,264.128889661686,71.4785000000001));
#1522=CARTESIAN_POINT('',(106.225304311095,261.768389405127,76.7285000000001));
#1523=CARTESIAN_POINT('Ctrl Pts',(110.915058648747,264.128889661686,71.4785000000001));
#1524=CARTESIAN_POINT('Ctrl Pts',(110.915058648747,264.128889661686,70.8192760095543));
#1525=CARTESIAN_POINT('Ctrl Pts',(110.798047577191,264.068264428152,70.116125819239));
#1526=CARTESIAN_POINT('Ctrl Pts',(110.321607504388,263.822928617715,68.8226404979709));
#1527=CARTESIAN_POINT('Ctrl Pts',(109.962111607696,263.638357228816,68.2323036119391));
#1528=CARTESIAN_POINT('Ctrl Pts',(109.131210884479,263.215439717882,67.3000751891142));
#1529=CARTESIAN_POINT('Ctrl Pts',(108.604404385099,262.948923722536,66.896038477172));
#1530=CARTESIAN_POINT('Ctrl Pts',(107.447499832585,262.370311633349,66.3602503076226));
#1531=CARTESIAN_POINT('Ctrl Pts',(106.817332377884,262.05835324971,66.2285000000001));
#1532=CARTESIAN_POINT('Ctrl Pts',(105.633276244306,261.478425560545,66.2285000000001));
#1533=CARTESIAN_POINT('Ctrl Pts',(105.000490110414,261.171813814453,66.3602503076225));
#1534=CARTESIAN_POINT('Ctrl Pts',(103.83411870914,260.612530480471,66.896038477172));
#1535=CARTESIAN_POINT('Ctrl Pts',(103.300599691765,260.359719638806,67.3000751891142));
#1536=CARTESIAN_POINT('Ctrl Pts',(102.457091100006,259.962543999412,68.2323036119391));
#1537=CARTESIAN_POINT('Ctrl Pts',(102.09088199319,259.791679177337,68.8226404979708));
#1538=CARTESIAN_POINT('Ctrl Pts',(101.60497348945,259.565675352482,70.116125819239));
#1539=CARTESIAN_POINT('Ctrl Pts',(101.485343046445,259.510398169899,70.8192760095542));
#1540=CARTESIAN_POINT('Ctrl Pts',(101.485343046445,259.510398169899,72.1377239904459));
#1541=CARTESIAN_POINT('Ctrl Pts',(101.60497348945,259.565675352482,72.8408741807611));
#1542=CARTESIAN_POINT('Ctrl Pts',(102.09088199319,259.791679177337,74.1343595020293));
#1543=CARTESIAN_POINT('Ctrl Pts',(102.457091100006,259.962543999412,74.724696388061));
#1544=CARTESIAN_POINT('Ctrl Pts',(103.300599691765,260.359719638806,75.6569248108859));
#1545=CARTESIAN_POINT('Ctrl Pts',(103.83411870914,260.612530480471,76.0609615228282));
#1546=CARTESIAN_POINT('Ctrl Pts',(105.000490110414,261.171813814453,76.5967496923776));
#1547=CARTESIAN_POINT('Ctrl Pts',(105.633276244306,261.478425560545,76.7285000000001));
#1548=CARTESIAN_POINT('Ctrl Pts',(106.225304311095,261.768389405127,76.7285000000001));
#1549=CARTESIAN_POINT('Ctrl Pts',(106.225304311095,261.768389405127,76.7285000000001));
#1550=CARTESIAN_POINT('Ctrl Pts',(106.817332377884,262.05835324971,76.7285000000001));
#1551=CARTESIAN_POINT('Ctrl Pts',(107.447499832585,262.370311633349,76.5967496923776));
#1552=CARTESIAN_POINT('Ctrl Pts',(108.604404385099,262.948923722536,76.0609615228281));
#1553=CARTESIAN_POINT('Ctrl Pts',(109.131210884479,263.215439717882,75.6569248108859));
#1554=CARTESIAN_POINT('Ctrl Pts',(109.962111607696,263.638357228816,74.724696388061));
#1555=CARTESIAN_POINT('Ctrl Pts',(110.321607504388,263.822928617715,74.1343595020293));
#1556=CARTESIAN_POINT('Ctrl Pts',(110.798047577191,264.068264428152,72.8408741807611));
#1557=CARTESIAN_POINT('Ctrl Pts',(110.915058648747,264.128889661686,72.1377239904459));
#1558=CARTESIAN_POINT('Ctrl Pts',(110.915058648747,264.128889661686,71.4785000000001));
#1559=CARTESIAN_POINT('',(106.576384250742,261.051578734276,76.7285000000001));
#1560=CARTESIAN_POINT('Origin',(106.576384250742,261.051578734276,113.3265));
#1561=CARTESIAN_POINT('',(110.915058648747,264.128889661686,113.3265));
#1562=CARTESIAN_POINT('',(106.225304311095,261.768389405127,118.5765));
#1563=CARTESIAN_POINT('Ctrl Pts',(110.915058648747,264.128889661686,113.3265));
#1564=CARTESIAN_POINT('Ctrl Pts',(110.915058648747,264.128889661686,112.667276009554));
#1565=CARTESIAN_POINT('Ctrl Pts',(110.798047577191,264.068264428152,111.964125819239));
#1566=CARTESIAN_POINT('Ctrl Pts',(110.321607504388,263.822928617715,110.670640497971));
#1567=CARTESIAN_POINT('Ctrl Pts',(109.962111607696,263.638357228816,110.080303611939));
#1568=CARTESIAN_POINT('Ctrl Pts',(109.131210884479,263.215439717882,109.148075189114));
#1569=CARTESIAN_POINT('Ctrl Pts',(108.604404385099,262.948923722536,108.744038477172));
#1570=CARTESIAN_POINT('Ctrl Pts',(107.447499832585,262.370311633349,108.208250307623));
#1571=CARTESIAN_POINT('Ctrl Pts',(106.817332377884,262.05835324971,108.0765));
#1572=CARTESIAN_POINT('Ctrl Pts',(105.633276244306,261.478425560545,108.0765));
#1573=CARTESIAN_POINT('Ctrl Pts',(105.000490110414,261.171813814453,108.208250307623));
#1574=CARTESIAN_POINT('Ctrl Pts',(103.83411870914,260.612530480471,108.744038477172));
#1575=CARTESIAN_POINT('Ctrl Pts',(103.300599691765,260.359719638806,109.148075189114));
#1576=CARTESIAN_POINT('Ctrl Pts',(102.457091100006,259.962543999412,110.080303611939));
#1577=CARTESIAN_POINT('Ctrl Pts',(102.09088199319,259.791679177337,110.670640497971));
#1578=CARTESIAN_POINT('Ctrl Pts',(101.60497348945,259.565675352482,111.964125819239));
#1579=CARTESIAN_POINT('Ctrl Pts',(101.485343046445,259.510398169899,112.667276009554));
#1580=CARTESIAN_POINT('Ctrl Pts',(101.485343046445,259.510398169899,113.985723990446));
#1581=CARTESIAN_POINT('Ctrl Pts',(101.60497348945,259.565675352482,114.688874180761));
#1582=CARTESIAN_POINT('Ctrl Pts',(102.09088199319,259.791679177337,115.982359502029));
#1583=CARTESIAN_POINT('Ctrl Pts',(102.457091100006,259.962543999412,116.572696388061));
#1584=CARTESIAN_POINT('Ctrl Pts',(103.300599691765,260.359719638806,117.504924810886));
#1585=CARTESIAN_POINT('Ctrl Pts',(103.83411870914,260.612530480471,117.908961522828));
#1586=CARTESIAN_POINT('Ctrl Pts',(105.000490110414,261.171813814453,118.444749692378));
#1587=CARTESIAN_POINT('Ctrl Pts',(105.633276244306,261.478425560545,118.5765));
#1588=CARTESIAN_POINT('Ctrl Pts',(106.225304311095,261.768389405127,118.5765));
#1589=CARTESIAN_POINT('Ctrl Pts',(106.225304311095,261.768389405127,118.5765));
#1590=CARTESIAN_POINT('Ctrl Pts',(106.817332377884,262.05835324971,118.5765));
#1591=CARTESIAN_POINT('Ctrl Pts',(107.447499832585,262.370311633349,118.444749692378));
#1592=CARTESIAN_POINT('Ctrl Pts',(108.604404385099,262.948923722536,117.908961522828));
#1593=CARTESIAN_POINT('Ctrl Pts',(109.131210884479,263.215439717882,117.504924810886));
#1594=CARTESIAN_POINT('Ctrl Pts',(109.962111607696,263.638357228816,116.572696388061));
#1595=CARTESIAN_POINT('Ctrl Pts',(110.321607504388,263.822928617715,115.982359502029));
#1596=CARTESIAN_POINT('Ctrl Pts',(110.798047577191,264.068264428152,114.688874180761));
#1597=CARTESIAN_POINT('Ctrl Pts',(110.915058648747,264.128889661686,113.985723990446));
#1598=CARTESIAN_POINT('Ctrl Pts',(110.915058648747,264.128889661686,113.3265));
#1599=CARTESIAN_POINT('',(106.576384250742,261.051578734276,118.5765));
#1600=CARTESIAN_POINT('Origin',(-106.576384250742,261.051578734276,71.4785));
#1601=CARTESIAN_POINT('',(-101.485343046445,259.510398169899,71.4785));
#1602=CARTESIAN_POINT('',(-106.225304311095,261.768389405127,76.7285));
#1603=CARTESIAN_POINT('Ctrl Pts',(-101.485343046445,259.510398169899,71.4785));
#1604=CARTESIAN_POINT('Ctrl Pts',(-101.485343046445,259.510398169899,70.8192760095542));
#1605=CARTESIAN_POINT('Ctrl Pts',(-101.60497348945,259.565675352482,70.1161258192389));
#1606=CARTESIAN_POINT('Ctrl Pts',(-102.09088199319,259.791679177337,68.8226404979708));
#1607=CARTESIAN_POINT('Ctrl Pts',(-102.457091100006,259.962543999412,68.232303611939));
#1608=CARTESIAN_POINT('Ctrl Pts',(-103.300599691764,260.359719638806,67.3000751891142));
#1609=CARTESIAN_POINT('Ctrl Pts',(-103.83411870914,260.612530480471,66.8960384771719));
#1610=CARTESIAN_POINT('Ctrl Pts',(-105.000490110414,261.171813814453,66.3602503076225));
#1611=CARTESIAN_POINT('Ctrl Pts',(-105.633276244306,261.478425560545,66.2285));
#1612=CARTESIAN_POINT('Ctrl Pts',(-106.817332377884,262.05835324971,66.2285));
#1613=CARTESIAN_POINT('Ctrl Pts',(-107.447499832585,262.370311633349,66.3602503076225));
#1614=CARTESIAN_POINT('Ctrl Pts',(-108.604404385099,262.948923722536,66.8960384771719));
#1615=CARTESIAN_POINT('Ctrl Pts',(-109.131210884479,263.215439717882,67.3000751891141));
#1616=CARTESIAN_POINT('Ctrl Pts',(-109.962111607696,263.638357228816,68.232303611939));
#1617=CARTESIAN_POINT('Ctrl Pts',(-110.321607504388,263.822928617715,68.8226404979708));
#1618=CARTESIAN_POINT('Ctrl Pts',(-110.798047577191,264.068264428152,70.116125819239));
#1619=CARTESIAN_POINT('Ctrl Pts',(-110.915058648747,264.128889661686,70.8192760095542));
#1620=CARTESIAN_POINT('Ctrl Pts',(-110.915058648747,264.128889661686,72.1377239904458));
#1621=CARTESIAN_POINT('Ctrl Pts',(-110.798047577191,264.068264428152,72.8408741807611));
#1622=CARTESIAN_POINT('Ctrl Pts',(-110.321607504388,263.822928617715,74.1343595020292));
#1623=CARTESIAN_POINT('Ctrl Pts',(-109.962111607696,263.638357228816,74.724696388061));
#1624=CARTESIAN_POINT('Ctrl Pts',(-109.131210884479,263.215439717882,75.6569248108859));
#1625=CARTESIAN_POINT('Ctrl Pts',(-108.604404385099,262.948923722536,76.0609615228281));
#1626=CARTESIAN_POINT('Ctrl Pts',(-107.447499832585,262.370311633349,76.5967496923775));
#1627=CARTESIAN_POINT('Ctrl Pts',(-106.817332377884,262.05835324971,76.7285));
#1628=CARTESIAN_POINT('Ctrl Pts',(-106.225304311095,261.768389405127,76.7285));
#1629=CARTESIAN_POINT('Ctrl Pts',(-106.225304311095,261.768389405127,76.7285));
#1630=CARTESIAN_POINT('Ctrl Pts',(-105.633276244306,261.478425560545,76.7285));
#1631=CARTESIAN_POINT('Ctrl Pts',(-105.000490110414,261.171813814453,76.5967496923775));
#1632=CARTESIAN_POINT('Ctrl Pts',(-103.83411870914,260.612530480471,76.0609615228281));
#1633=CARTESIAN_POINT('Ctrl Pts',(-103.300599691764,260.359719638806,75.6569248108859));
#1634=CARTESIAN_POINT('Ctrl Pts',(-102.457091100006,259.962543999412,74.724696388061));
#1635=CARTESIAN_POINT('Ctrl Pts',(-102.09088199319,259.791679177337,74.1343595020292));
#1636=CARTESIAN_POINT('Ctrl Pts',(-101.60497348945,259.565675352482,72.840874180761));
#1637=CARTESIAN_POINT('Ctrl Pts',(-101.485343046445,259.510398169899,72.1377239904458));
#1638=CARTESIAN_POINT('Ctrl Pts',(-101.485343046445,259.510398169899,71.4785));
#1639=CARTESIAN_POINT('',(-106.576384250742,261.051578734276,76.7285));
#1640=CARTESIAN_POINT('Origin',(1.72563323017096E-30,47.825924129034,135.));
#1641=CARTESIAN_POINT('',(40.9573593128807,277.705772567551,73.3838104789715));
#1642=CARTESIAN_POINT('',(36.5573593128807,278.446412117567,73.3838104789715));
#1643=CARTESIAN_POINT('Ctrl Pts',(40.9573593128807,277.705772567551,73.3838104789715));
#1644=CARTESIAN_POINT('Ctrl Pts',(40.9573593128807,277.705772567551,73.6598671452849));
#1645=CARTESIAN_POINT('Ctrl Pts',(40.902201266053,277.715621150642,73.9540101851379));
#1646=CARTESIAN_POINT('Ctrl Pts',(40.6788407125859,277.755249756206,74.4943886849171));
#1647=CARTESIAN_POINT('Ctrl Pts',(40.5106649223616,277.784995458608,74.7406377037302));
#1648=CARTESIAN_POINT('Ctrl Pts',(40.121221150315,277.853264510023,75.1323474227675));
#1649=CARTESIAN_POINT('Ctrl Pts',(39.8728166997176,277.896531895874,75.3027618163149));
#1650=CARTESIAN_POINT('Ctrl Pts',(39.3291927307495,277.990084390617,75.5284843384636));
#1651=CARTESIAN_POINT('Ctrl Pts',(39.0339756723311,278.040340331936,75.5838104789715));
#1652=CARTESIAN_POINT('Ctrl Pts',(38.4810887823061,278.133401849446,75.5838104789715));
#1653=CARTESIAN_POINT('Ctrl Pts',(38.1860323225957,278.182501620689,75.5286083283017));
#1654=CARTESIAN_POINT('Ctrl Pts',(37.6424950501509,278.271944759916,75.3030942058718));
#1655=CARTESIAN_POINT('Ctrl Pts',(37.3940289679286,278.312314492863,75.1327571889729));
#1656=CARTESIAN_POINT('Ctrl Pts',(37.0042859451323,278.375205646152,74.7409939639023));
#1657=CARTESIAN_POINT('Ctrl Pts',(36.8359749909025,278.40210188435,74.4945865767908));
#1658=CARTESIAN_POINT('Ctrl Pts',(36.6125014133069,278.437692133254,73.9540085616999));
#1659=CARTESIAN_POINT('Ctrl Pts',(36.5573593128807,278.446412117567,73.659831160152));
#1660=CARTESIAN_POINT('Ctrl Pts',(36.5573593128807,278.446412117567,73.3838104789715));
#1661=CARTESIAN_POINT('Ctrl Pts',(36.5573593128807,278.446412117567,73.3838104789716));
#1662=CARTESIAN_POINT('Ctrl Pts',(36.5573593128807,278.446412117567,73.107789797791));
#1663=CARTESIAN_POINT('Ctrl Pts',(36.6125014133069,278.437692133254,72.8136123962431));
#1664=CARTESIAN_POINT('Ctrl Pts',(36.8359749909025,278.40210188435,72.2730343811522));
#1665=CARTESIAN_POINT('Ctrl Pts',(37.0042859451323,278.375205646152,72.0266269940407));
#1666=CARTESIAN_POINT('Ctrl Pts',(37.3940289679286,278.312314492863,71.6348637689701));
#1667=CARTESIAN_POINT('Ctrl Pts',(37.6424950501509,278.271944759916,71.4645267520712));
#1668=CARTESIAN_POINT('Ctrl Pts',(38.1860323225957,278.182501620689,71.2390126296413));
#1669=CARTESIAN_POINT('Ctrl Pts',(38.4810887823061,278.133401849446,71.1838104789715));
#1670=CARTESIAN_POINT('Ctrl Pts',(39.0339756723311,278.040340331936,71.1838104789715));
#1671=CARTESIAN_POINT('Ctrl Pts',(39.3291927307495,277.990084390617,71.2391366194795));
#1672=CARTESIAN_POINT('Ctrl Pts',(39.8728166997176,277.896531895874,71.4648591416281));
#1673=CARTESIAN_POINT('Ctrl Pts',(40.121221150315,277.853264510023,71.6352735351756));
#1674=CARTESIAN_POINT('Ctrl Pts',(40.5106649223616,277.784995458608,72.0269832542128));
#1675=CARTESIAN_POINT('Ctrl Pts',(40.6788407125859,277.755249756206,72.2732322730259));
#1676=CARTESIAN_POINT('Ctrl Pts',(40.902201266053,277.715621150642,72.8136107728052));
#1677=CARTESIAN_POINT('Ctrl Pts',(40.9573593128807,277.705772567551,73.1077538126582));
#1678=CARTESIAN_POINT('Ctrl Pts',(40.9573593128807,277.705772567551,73.3838104789715));
#1679=CARTESIAN_POINT('Origin',(1.72563323017096E-30,47.825924129034,135.));
#1680=CARTESIAN_POINT('',(-19.5426406871193,280.506682239743,73.3838104789715));
#1681=CARTESIAN_POINT('',(-23.9426406871193,280.095164358832,73.3838104789715));
#1682=CARTESIAN_POINT('Ctrl Pts',(-19.5426406871193,280.506682239743,73.3838104789715));
#1683=CARTESIAN_POINT('Ctrl Pts',(-19.5426406871193,280.506682239743,73.6599767550259));
#1684=CARTESIAN_POINT('Ctrl Pts',(-19.597825349888,280.502067940281,73.9544839396361));
#1685=CARTESIAN_POINT('Ctrl Pts',(-19.8220318048832,280.48307470139,74.4960885671543));
#1686=CARTESIAN_POINT('Ctrl Pts',(-19.991048048541,280.468667872041,74.7431873285562));
#1687=CARTESIAN_POINT('Ctrl Pts',(-20.3814533668279,280.434790947714,75.1341928603436));
#1688=CARTESIAN_POINT('Ctrl Pts',(-20.6291821826512,280.413028267297,75.303815461913));
#1689=CARTESIAN_POINT('Ctrl Pts',(-21.1716753624508,280.364274366786,75.5286199276907));
#1690=CARTESIAN_POINT('Ctrl Pts',(-21.4664336355107,280.337255432648,75.5838104789715));
#1691=CARTESIAN_POINT('Ctrl Pts',(-22.0190377137578,280.285574480801,75.5838104789715));
#1692=CARTESIAN_POINT('Ctrl Pts',(-22.3138838274681,280.257451403578,75.528551969391));
#1693=CARTESIAN_POINT('Ctrl Pts',(-22.8564248243163,280.204727221945,75.3036333039402));
#1694=CARTESIAN_POINT('Ctrl Pts',(-23.1041203586502,280.180154291543,75.1339681153791));
#1695=CARTESIAN_POINT('Ctrl Pts',(-23.4943609074862,280.14101891137,74.7429917486608));
#1696=CARTESIAN_POINT('Ctrl Pts',(-23.6633030603407,280.123816457026,74.49597978022));
#1697=CARTESIAN_POINT('Ctrl Pts',(-23.8874474053201,280.100874453464,73.954484327482));
#1698=CARTESIAN_POINT('Ctrl Pts',(-23.9426406871193,280.095164358832,73.6599959074028));
#1699=CARTESIAN_POINT('Ctrl Pts',(-23.9426406871193,280.095164358832,73.3838104789715));
#1700=CARTESIAN_POINT('Ctrl Pts',(-23.9426406871193,280.095164358832,73.3838104789715));
#1701=CARTESIAN_POINT('Ctrl Pts',(-23.9426406871193,280.095164358832,73.1076250505402));
#1702=CARTESIAN_POINT('Ctrl Pts',(-23.8874474053201,280.100874453464,72.8131366304611));
#1703=CARTESIAN_POINT('Ctrl Pts',(-23.6633030603407,280.123816457026,72.2716411777231));
#1704=CARTESIAN_POINT('Ctrl Pts',(-23.4943609074862,280.14101891137,72.0246292092822));
#1705=CARTESIAN_POINT('Ctrl Pts',(-23.1041203586502,280.180154291543,71.6336528425639));
#1706=CARTESIAN_POINT('Ctrl Pts',(-22.8564248243163,280.204727221945,71.4639876540029));
#1707=CARTESIAN_POINT('Ctrl Pts',(-22.3138838274681,280.257451403578,71.2390689885521));
#1708=CARTESIAN_POINT('Ctrl Pts',(-22.0190377137578,280.285574480801,71.1838104789715));
#1709=CARTESIAN_POINT('Ctrl Pts',(-21.4664336355107,280.337255432648,71.1838104789715));
#1710=CARTESIAN_POINT('Ctrl Pts',(-21.1716753624508,280.364274366786,71.2390010302523));
#1711=CARTESIAN_POINT('Ctrl Pts',(-20.6291821826512,280.413028267297,71.4638054960301));
#1712=CARTESIAN_POINT('Ctrl Pts',(-20.3814533668279,280.434790947714,71.6334280975995));
#1713=CARTESIAN_POINT('Ctrl Pts',(-19.991048048541,280.468667872041,72.0244336293868));
#1714=CARTESIAN_POINT('Ctrl Pts',(-19.8220318048832,280.48307470139,72.2715323907888));
#1715=CARTESIAN_POINT('Ctrl Pts',(-19.597825349888,280.502067940281,72.813137018307));
#1716=CARTESIAN_POINT('Ctrl Pts',(-19.5426406871193,280.506682239743,73.1076442029171));
#1717=CARTESIAN_POINT('Ctrl Pts',(-19.5426406871193,280.506682239743,73.3838104789715));
#1718=CARTESIAN_POINT('Origin',(1.72563323017096E-30,47.825924129034,135.));
#1719=CARTESIAN_POINT('',(-19.5426406871193,280.506682239743,130.883810478972));
#1720=CARTESIAN_POINT('',(-23.9426406871193,280.095164358832,130.883810478972));
#1721=CARTESIAN_POINT('Ctrl Pts',(-19.5426406871193,280.506682239743,130.883810478972));
#1722=CARTESIAN_POINT('Ctrl Pts',(-19.5426406871193,280.506682239743,131.159976755026));
#1723=CARTESIAN_POINT('Ctrl Pts',(-19.597825349888,280.502067940281,131.454483939636));
#1724=CARTESIAN_POINT('Ctrl Pts',(-19.8220318048832,280.48307470139,131.996088567154));
#1725=CARTESIAN_POINT('Ctrl Pts',(-19.991048048541,280.468667872041,132.243187328556));
#1726=CARTESIAN_POINT('Ctrl Pts',(-20.3814533668279,280.434790947714,132.634192860344));
#1727=CARTESIAN_POINT('Ctrl Pts',(-20.6291821826512,280.413028267297,132.803815461913));
#1728=CARTESIAN_POINT('Ctrl Pts',(-21.1716753624508,280.364274366786,133.028619927691));
#1729=CARTESIAN_POINT('Ctrl Pts',(-21.4664336355107,280.337255432648,133.083810478972));
#1730=CARTESIAN_POINT('Ctrl Pts',(-22.0190377137578,280.285574480801,133.083810478972));
#1731=CARTESIAN_POINT('Ctrl Pts',(-22.3138838274681,280.257451403578,133.028551969391));
#1732=CARTESIAN_POINT('Ctrl Pts',(-22.8564248243163,280.204727221945,132.80363330394));
#1733=CARTESIAN_POINT('Ctrl Pts',(-23.1041203586502,280.180154291543,132.633968115379));
#1734=CARTESIAN_POINT('Ctrl Pts',(-23.4943609074862,280.14101891137,132.242991748661));
#1735=CARTESIAN_POINT('Ctrl Pts',(-23.6633030603407,280.123816457026,131.99597978022));
#1736=CARTESIAN_POINT('Ctrl Pts',(-23.8874474053201,280.100874453464,131.454484327482));
#1737=CARTESIAN_POINT('Ctrl Pts',(-23.9426406871193,280.095164358832,131.159995907403));
#1738=CARTESIAN_POINT('Ctrl Pts',(-23.9426406871193,280.095164358832,130.883810478972));
#1739=CARTESIAN_POINT('Ctrl Pts',(-23.9426406871193,280.095164358832,130.883810478972));
#1740=CARTESIAN_POINT('Ctrl Pts',(-23.9426406871193,280.095164358832,130.60762505054));
#1741=CARTESIAN_POINT('Ctrl Pts',(-23.8874474053201,280.100874453464,130.313136630461));
#1742=CARTESIAN_POINT('Ctrl Pts',(-23.6633030603407,280.123816457026,129.771641177723));
#1743=CARTESIAN_POINT('Ctrl Pts',(-23.4943609074862,280.14101891137,129.524629209282));
#1744=CARTESIAN_POINT('Ctrl Pts',(-23.1041203586502,280.180154291543,129.133652842564));
#1745=CARTESIAN_POINT('Ctrl Pts',(-22.8564248243163,280.204727221945,128.963987654003));
#1746=CARTESIAN_POINT('Ctrl Pts',(-22.3138838274681,280.257451403578,128.739068988552));
#1747=CARTESIAN_POINT('Ctrl Pts',(-22.0190377137578,280.285574480801,128.683810478972));
#1748=CARTESIAN_POINT('Ctrl Pts',(-21.4664336355107,280.337255432648,128.683810478972));
#1749=CARTESIAN_POINT('Ctrl Pts',(-21.1716753624508,280.364274366786,128.739001030252));
#1750=CARTESIAN_POINT('Ctrl Pts',(-20.6291821826512,280.413028267297,128.96380549603));
#1751=CARTESIAN_POINT('Ctrl Pts',(-20.3814533668279,280.434790947714,129.1334280976));
#1752=CARTESIAN_POINT('Ctrl Pts',(-19.991048048541,280.468667872041,129.524433629387));
#1753=CARTESIAN_POINT('Ctrl Pts',(-19.8220318048832,280.48307470139,129.771532390789));
#1754=CARTESIAN_POINT('Ctrl Pts',(-19.597825349888,280.502067940281,130.313137018307));
#1755=CARTESIAN_POINT('Ctrl Pts',(-19.5426406871193,280.506682239743,130.607644202917));
#1756=CARTESIAN_POINT('Ctrl Pts',(-19.5426406871193,280.506682239743,130.883810478972));
#1757=CARTESIAN_POINT('Origin',(1.72563323017096E-30,47.825924129034,135.));
#1758=CARTESIAN_POINT('',(40.9573593128807,277.705772567551,130.883810478971));
#1759=CARTESIAN_POINT('',(36.5573593128807,278.446412117567,130.883810478972));
#1760=CARTESIAN_POINT('Ctrl Pts',(40.9573593128807,277.705772567551,130.883810478971));
#1761=CARTESIAN_POINT('Ctrl Pts',(40.9573593128807,277.705772567551,131.159867145285));
#1762=CARTESIAN_POINT('Ctrl Pts',(40.902201266053,277.715621150642,131.454010185138));
#1763=CARTESIAN_POINT('Ctrl Pts',(40.6788407125859,277.755249756206,131.994388684917));
#1764=CARTESIAN_POINT('Ctrl Pts',(40.5106649223616,277.784995458608,132.24063770373));
#1765=CARTESIAN_POINT('Ctrl Pts',(40.121221150315,277.853264510023,132.632347422767));
#1766=CARTESIAN_POINT('Ctrl Pts',(39.8728166997176,277.896531895874,132.802761816315));
#1767=CARTESIAN_POINT('Ctrl Pts',(39.3291927307495,277.990084390617,133.028484338464));
#1768=CARTESIAN_POINT('Ctrl Pts',(39.0339756723311,278.040340331936,133.083810478972));
#1769=CARTESIAN_POINT('Ctrl Pts',(38.4810887823061,278.133401849446,133.083810478972));
#1770=CARTESIAN_POINT('Ctrl Pts',(38.1860323225957,278.182501620689,133.028608328302));
#1771=CARTESIAN_POINT('Ctrl Pts',(37.6424950501509,278.271944759916,132.803094205872));
#1772=CARTESIAN_POINT('Ctrl Pts',(37.3940289679286,278.312314492863,132.632757188973));
#1773=CARTESIAN_POINT('Ctrl Pts',(37.0042859451323,278.375205646152,132.240993963902));
#1774=CARTESIAN_POINT('Ctrl Pts',(36.8359749909025,278.40210188435,131.994586576791));
#1775=CARTESIAN_POINT('Ctrl Pts',(36.6125014133069,278.437692133254,131.4540085617));
#1776=CARTESIAN_POINT('Ctrl Pts',(36.5573593128807,278.446412117567,131.159831160152));
#1777=CARTESIAN_POINT('Ctrl Pts',(36.5573593128807,278.446412117567,130.883810478972));
#1778=CARTESIAN_POINT('Ctrl Pts',(36.5573593128807,278.446412117567,130.883810478972));
#1779=CARTESIAN_POINT('Ctrl Pts',(36.5573593128807,278.446412117567,130.607789797791));
#1780=CARTESIAN_POINT('Ctrl Pts',(36.6125014133069,278.437692133254,130.313612396243));
#1781=CARTESIAN_POINT('Ctrl Pts',(36.8359749909025,278.40210188435,129.773034381152));
#1782=CARTESIAN_POINT('Ctrl Pts',(37.0042859451323,278.375205646152,129.526626994041));
#1783=CARTESIAN_POINT('Ctrl Pts',(37.3940289679286,278.312314492863,129.13486376897));
#1784=CARTESIAN_POINT('Ctrl Pts',(37.6424950501509,278.271944759916,128.964526752071));
#1785=CARTESIAN_POINT('Ctrl Pts',(38.1860323225957,278.182501620689,128.739012629641));
#1786=CARTESIAN_POINT('Ctrl Pts',(38.4810887823061,278.133401849446,128.683810478972));
#1787=CARTESIAN_POINT('Ctrl Pts',(39.0339756723311,278.040340331936,128.683810478972));
#1788=CARTESIAN_POINT('Ctrl Pts',(39.3291927307495,277.990084390617,128.739136619479));
#1789=CARTESIAN_POINT('Ctrl Pts',(39.8728166997176,277.896531895874,128.964859141628));
#1790=CARTESIAN_POINT('Ctrl Pts',(40.121221150315,277.853264510023,129.135273535176));
#1791=CARTESIAN_POINT('Ctrl Pts',(40.5106649223616,277.784995458608,129.526983254213));
#1792=CARTESIAN_POINT('Ctrl Pts',(40.6788407125859,277.755249756206,129.773232273026));
#1793=CARTESIAN_POINT('Ctrl Pts',(40.902201266053,277.715621150642,130.313610772805));
#1794=CARTESIAN_POINT('Ctrl Pts',(40.9573593128807,277.705772567551,130.607753812658));
#1795=CARTESIAN_POINT('Ctrl Pts',(40.9573593128807,277.705772567551,130.883810478972));
#1796=CARTESIAN_POINT('Origin',(38.7573593128807,273.,73.3838104789715));
#1797=CARTESIAN_POINT('',(36.5573593128807,273.,73.3838104789715));
#1798=CARTESIAN_POINT('Origin',(38.7573593128807,273.,73.3838104789715));
#1799=CARTESIAN_POINT('',(36.5573593128807,273.,73.3838104789715));
#1800=CARTESIAN_POINT('Origin',(-21.7426406871193,273.,73.3838104789715));
#1801=CARTESIAN_POINT('',(-23.9426406871193,273.,73.3838104789715));
#1802=CARTESIAN_POINT('Origin',(-21.7426406871193,273.,73.3838104789715));
#1803=CARTESIAN_POINT('',(-23.9426406871193,273.,73.3838104789715));
#1804=CARTESIAN_POINT('Origin',(-21.7426406871193,273.,130.883810478972));
#1805=CARTESIAN_POINT('',(-23.9426406871193,273.,130.883810478972));
#1806=CARTESIAN_POINT('Origin',(-21.7426406871193,273.,130.883810478972));
#1807=CARTESIAN_POINT('',(-23.9426406871193,273.,130.883810478972));
#1808=CARTESIAN_POINT('Origin',(38.7573593128807,273.,130.883810478972));
#1809=CARTESIAN_POINT('',(36.5573593128807,273.,130.883810478972));
#1810=CARTESIAN_POINT('Origin',(38.7573593128807,273.,130.883810478972));
#1811=CARTESIAN_POINT('',(36.5573593128807,273.,130.883810478972));
#1812=CARTESIAN_POINT('Origin',(0.00185205079688444,285.464713336035,80.5));
#1813=CARTESIAN_POINT('',(-2.18314747043239,285.464713336035,80.5));
#1814=CARTESIAN_POINT('Origin',(0.0018520507968843,285.464713336035,80.5));
#1815=CARTESIAN_POINT('Origin',(38.7573593128807,273.,73.3838104789715));
#1816=CARTESIAN_POINT('',(34.7573593128807,273.,73.3838104789715));
#1817=CARTESIAN_POINT('Origin',(38.7573593128807,273.,73.3838104789715));
#1818=CARTESIAN_POINT('Origin',(-21.7426406871193,273.,73.3838104789715));
#1819=CARTESIAN_POINT('',(-25.7426406871193,273.,73.3838104789715));
#1820=CARTESIAN_POINT('Origin',(-21.7426406871193,273.,73.3838104789715));
#1821=CARTESIAN_POINT('Origin',(-21.7426406871193,273.,130.883810478972));
#1822=CARTESIAN_POINT('',(-25.7426406871193,273.,130.883810478972));
#1823=CARTESIAN_POINT('Origin',(-21.7426406871193,273.,130.883810478972));
#1824=CARTESIAN_POINT('Origin',(38.7573593128807,273.,130.883810478972));
#1825=CARTESIAN_POINT('',(34.7573593128807,273.,130.883810478972));
#1826=CARTESIAN_POINT('Origin',(38.7573593128807,273.,130.883810478972));
#1827=CARTESIAN_POINT('Origin',(0.0018520507968843,285.464713336035,63.5));
#1828=CARTESIAN_POINT('',(-2.18314747043239,285.464713336035,65.5));
#1829=CARTESIAN_POINT('Origin',(0.0018520507968843,285.464713336035,65.5));
#1830=CARTESIAN_POINT('',(-2.18314747043239,285.464713336035,63.5));
#1831=CARTESIAN_POINT('Origin',(-111.133330886886,268.757511112003,38.5));
#1832=CARTESIAN_POINT('',(-113.283330886886,268.757511112003,38.5));
#1833=CARTESIAN_POINT('Origin',(-111.133330886886,268.757511112003,38.5));
#1834=CARTESIAN_POINT('Origin',(38.7573593128807,273.,73.3838104789715));
#1835=CARTESIAN_POINT('',(34.7573593128807,278.724551179078,73.3838104789715));
#1836=CARTESIAN_POINT('',(34.7573593128807,273.,73.3838104789715));
#1837=CARTESIAN_POINT('Ctrl Pts',(34.7573593128807,278.724551179078,73.3838104789715));
#1838=CARTESIAN_POINT('Ctrl Pts',(34.7573593128807,278.724551179078,73.8856475337409));
#1839=CARTESIAN_POINT('Ctrl Pts',(34.8576089091833,278.709529748994,74.420544219832));
#1840=CARTESIAN_POINT('Ctrl Pts',(35.264010456695,278.647807427613,75.4035589208688));
#1841=CARTESIAN_POINT('Ctrl Pts',(35.5701293094851,278.601015312062,75.8516848892112));
#1842=CARTESIAN_POINT('Ctrl Pts',(36.2789667391138,278.49065288327,76.5640130225486));
#1843=CARTESIAN_POINT('Ctrl Pts',(36.730764010583,278.419400767134,76.8736582006637));
#1844=CARTESIAN_POINT('Ctrl Pts',(37.7189472801149,278.259822479374,77.2835317593259));
#1845=CARTESIAN_POINT('Ctrl Pts',(38.2552979413264,278.171406798886,77.3838104789715));
#1846=CARTESIAN_POINT('Ctrl Pts',(39.2605640236111,278.002201146145,77.3838104789715));
#1847=CARTESIAN_POINT('Ctrl Pts',(39.7974456486662,277.9099633069,77.2831218298635));
#1848=CARTESIAN_POINT('Ctrl Pts',(40.7859155406356,277.736800031144,76.8725592805979));
#1849=CARTESIAN_POINT('Ctrl Pts',(41.2375090273808,277.655968626461,76.5626582936709));
#1850=CARTESIAN_POINT('Ctrl Pts',(41.9453570940415,277.527827181333,75.8505071194709));
#1851=CARTESIAN_POINT('Ctrl Pts',(42.2510290688175,277.471614631321,75.4029047553498));
#1852=CARTESIAN_POINT('Ctrl Pts',(42.6570569625362,277.39654096621,74.4205497068809));
#1853=CARTESIAN_POINT('Ctrl Pts',(42.7573593128807,277.377788039108,73.8857666174977));
#1854=CARTESIAN_POINT('Ctrl Pts',(42.7573593128807,277.377788039108,72.8818543404453));
#1855=CARTESIAN_POINT('Ctrl Pts',(42.6570569625362,277.39654096621,72.3470712510622));
#1856=CARTESIAN_POINT('Ctrl Pts',(42.2510290688175,277.471614631321,71.3647162025933));
#1857=CARTESIAN_POINT('Ctrl Pts',(41.9453570940415,277.527827181333,70.9171138384722));
#1858=CARTESIAN_POINT('Ctrl Pts',(41.2375090273808,277.655968626461,70.2049626642722));
#1859=CARTESIAN_POINT('Ctrl Pts',(40.7859155406356,277.736800031144,69.8950616773452));
#1860=CARTESIAN_POINT('Ctrl Pts',(39.7974456486662,277.9099633069,69.4844991280796));
#1861=CARTESIAN_POINT('Ctrl Pts',(39.2605640236111,278.002201146145,69.3838104789715));
#1862=CARTESIAN_POINT('Ctrl Pts',(38.2552979413264,278.171406798886,69.3838104789715));
#1863=CARTESIAN_POINT('Ctrl Pts',(37.7189472801149,278.259822479374,69.4840891986172));
#1864=CARTESIAN_POINT('Ctrl Pts',(36.730764010583,278.419400767134,69.8939627572794));
#1865=CARTESIAN_POINT('Ctrl Pts',(36.2789667391138,278.49065288327,70.2036079353945));
#1866=CARTESIAN_POINT('Ctrl Pts',(35.5701293094851,278.601015312062,70.9159360687319));
#1867=CARTESIAN_POINT('Ctrl Pts',(35.264010456695,278.647807427613,71.3640620370742));
#1868=CARTESIAN_POINT('Ctrl Pts',(34.8576089091833,278.709529748994,72.347076738111));
#1869=CARTESIAN_POINT('Ctrl Pts',(34.7573593128807,278.724551179078,72.8819734242022));
#1870=CARTESIAN_POINT('Ctrl Pts',(34.7573593128807,278.724551179078,73.3838104789715));
#1871=CARTESIAN_POINT('Origin',(-21.7426406871193,273.,73.3838104789715));
#1872=CARTESIAN_POINT('',(-25.7426406871193,279.902563303368,73.3838104789715));
#1873=CARTESIAN_POINT('',(-25.7426406871193,273.,73.3838104789715));
#1874=CARTESIAN_POINT('Ctrl Pts',(-25.7426406871193,279.902563303368,73.3838104789715));
#1875=CARTESIAN_POINT('Ctrl Pts',(-25.7426406871193,279.902563303368,73.885987656053));
#1876=CARTESIAN_POINT('Ctrl Pts',(-25.6422798997468,279.913764164694,74.4214103477913));
#1877=CARTESIAN_POINT('Ctrl Pts',(-25.2347888727341,279.958423881626,75.4058640315683));
#1878=CARTESIAN_POINT('Ctrl Pts',(-24.9276777154558,279.991786006615,75.8549073079686));
#1879=CARTESIAN_POINT('Ctrl Pts',(-24.2182801463643,280.06686111374,76.5657437208388));
#1880=CARTESIAN_POINT('Ctrl Pts',(-23.7679541550749,280.11363383048,76.8742565043383));
#1881=CARTESIAN_POINT('Ctrl Pts',(-22.7814823643606,280.212455116398,77.2832868649812));
#1882=CARTESIAN_POINT('Ctrl Pts',(-22.2453297918227,280.264411064804,77.3838104789715));
#1883=CARTESIAN_POINT('Ctrl Pts',(-21.2405796522079,280.358377876898,77.3838104789715));
#1884=CARTESIAN_POINT('Ctrl Pts',(-20.7047174923572,280.406683679778,77.2835115439132));
#1885=CARTESIAN_POINT('Ctrl Pts',(-19.7184037859331,280.492379794159,76.8748587364452));
#1886=CARTESIAN_POINT('Ctrl Pts',(-19.2679677504488,280.529862202441,76.5664867454743));
#1887=CARTESIAN_POINT('Ctrl Pts',(-18.5580254346395,280.587553248145,75.8555538775217));
#1888=CARTESIAN_POINT('Ctrl Pts',(-18.250669320707,280.611672990844,75.4062236442404));
#1889=CARTESIAN_POINT('Ctrl Pts',(-17.8429729615157,280.643277691169,74.4214090021418));
#1890=CARTESIAN_POINT('Ctrl Pts',(-17.7426406871193,280.650855572056,73.8859242778285));
#1891=CARTESIAN_POINT('Ctrl Pts',(-17.7426406871193,280.650855572056,72.8816966801146));
#1892=CARTESIAN_POINT('Ctrl Pts',(-17.8429729615157,280.643277691169,72.3462119558013));
#1893=CARTESIAN_POINT('Ctrl Pts',(-18.250669320707,280.611672990844,71.3613973137027));
#1894=CARTESIAN_POINT('Ctrl Pts',(-18.5580254346395,280.587553248145,70.9120670804214));
#1895=CARTESIAN_POINT('Ctrl Pts',(-19.2679677504488,280.529862202441,70.2011342124688));
#1896=CARTESIAN_POINT('Ctrl Pts',(-19.7184037859331,280.492379794159,69.8927622214979));
#1897=CARTESIAN_POINT('Ctrl Pts',(-20.7047174923572,280.406683679778,69.4841094140299));
#1898=CARTESIAN_POINT('Ctrl Pts',(-21.2405796522079,280.358377876898,69.3838104789715));
#1899=CARTESIAN_POINT('Ctrl Pts',(-22.2453297918227,280.264411064804,69.3838104789715));
#1900=CARTESIAN_POINT('Ctrl Pts',(-22.7814823643606,280.212455116398,69.4843340929618));
#1901=CARTESIAN_POINT('Ctrl Pts',(-23.7679541550749,280.11363383048,69.8933644536048));
#1902=CARTESIAN_POINT('Ctrl Pts',(-24.2182801463643,280.06686111374,70.2018772371043));
#1903=CARTESIAN_POINT('Ctrl Pts',(-24.9276777154558,279.991786006615,70.9127136499744));
#1904=CARTESIAN_POINT('Ctrl Pts',(-25.2347888727341,279.958423881626,71.3617569263748));
#1905=CARTESIAN_POINT('Ctrl Pts',(-25.6422798997468,279.913764164694,72.3462106101517));
#1906=CARTESIAN_POINT('Ctrl Pts',(-25.7426406871193,279.902563303368,72.88163330189));
#1907=CARTESIAN_POINT('Ctrl Pts',(-25.7426406871193,279.902563303368,73.3838104789715));
#1908=CARTESIAN_POINT('Origin',(-21.7426406871193,273.,130.883810478972));
#1909=CARTESIAN_POINT('',(-25.7426406871193,279.902563303368,130.883810478971));
#1910=CARTESIAN_POINT('',(-25.7426406871193,273.,130.883810478972));
#1911=CARTESIAN_POINT('Ctrl Pts',(-25.7426406871193,279.902563303368,130.883810478971));
#1912=CARTESIAN_POINT('Ctrl Pts',(-25.7426406871193,279.902563303368,131.385987656053));
#1913=CARTESIAN_POINT('Ctrl Pts',(-25.6422798997468,279.913764164694,131.921410347791));
#1914=CARTESIAN_POINT('Ctrl Pts',(-25.2347888727341,279.958423881626,132.905864031568));
#1915=CARTESIAN_POINT('Ctrl Pts',(-24.9276777154558,279.991786006615,133.354907307969));
#1916=CARTESIAN_POINT('Ctrl Pts',(-24.2182801463643,280.06686111374,134.065743720839));
#1917=CARTESIAN_POINT('Ctrl Pts',(-23.7679541550749,280.11363383048,134.374256504338));
#1918=CARTESIAN_POINT('Ctrl Pts',(-22.7814823643606,280.212455116398,134.783286864981));
#1919=CARTESIAN_POINT('Ctrl Pts',(-22.2453297918227,280.264411064804,134.883810478972));
#1920=CARTESIAN_POINT('Ctrl Pts',(-21.2405796522079,280.358377876898,134.883810478972));
#1921=CARTESIAN_POINT('Ctrl Pts',(-20.7047174923572,280.406683679778,134.783511543913));
#1922=CARTESIAN_POINT('Ctrl Pts',(-19.7184037859331,280.492379794159,134.374858736445));
#1923=CARTESIAN_POINT('Ctrl Pts',(-19.2679677504488,280.529862202441,134.066486745474));
#1924=CARTESIAN_POINT('Ctrl Pts',(-18.5580254346395,280.587553248145,133.355553877522));
#1925=CARTESIAN_POINT('Ctrl Pts',(-18.250669320707,280.611672990844,132.90622364424));
#1926=CARTESIAN_POINT('Ctrl Pts',(-17.8429729615157,280.643277691169,131.921409002142));
#1927=CARTESIAN_POINT('Ctrl Pts',(-17.7426406871193,280.650855572056,131.385924277828));
#1928=CARTESIAN_POINT('Ctrl Pts',(-17.7426406871193,280.650855572056,130.381696680115));
#1929=CARTESIAN_POINT('Ctrl Pts',(-17.8429729615157,280.643277691169,129.846211955801));
#1930=CARTESIAN_POINT('Ctrl Pts',(-18.250669320707,280.611672990844,128.861397313703));
#1931=CARTESIAN_POINT('Ctrl Pts',(-18.5580254346395,280.587553248145,128.412067080421));
#1932=CARTESIAN_POINT('Ctrl Pts',(-19.2679677504488,280.529862202441,127.701134212469));
#1933=CARTESIAN_POINT('Ctrl Pts',(-19.7184037859331,280.492379794159,127.392762221498));
#1934=CARTESIAN_POINT('Ctrl Pts',(-20.7047174923572,280.406683679778,126.98410941403));
#1935=CARTESIAN_POINT('Ctrl Pts',(-21.2405796522079,280.358377876898,126.883810478972));
#1936=CARTESIAN_POINT('Ctrl Pts',(-22.2453297918227,280.264411064804,126.883810478972));
#1937=CARTESIAN_POINT('Ctrl Pts',(-22.7814823643606,280.212455116398,126.984334092962));
#1938=CARTESIAN_POINT('Ctrl Pts',(-23.7679541550749,280.11363383048,127.393364453605));
#1939=CARTESIAN_POINT('Ctrl Pts',(-24.2182801463643,280.06686111374,127.701877237104));
#1940=CARTESIAN_POINT('Ctrl Pts',(-24.9276777154558,279.991786006615,128.412713649974));
#1941=CARTESIAN_POINT('Ctrl Pts',(-25.2347888727341,279.958423881626,128.861756926375));
#1942=CARTESIAN_POINT('Ctrl Pts',(-25.6422798997468,279.913764164694,129.846210610152));
#1943=CARTESIAN_POINT('Ctrl Pts',(-25.7426406871193,279.902563303368,130.38163330189));
#1944=CARTESIAN_POINT('Ctrl Pts',(-25.7426406871193,279.902563303368,130.883810478972));
#1945=CARTESIAN_POINT('Origin',(38.7573593128807,273.,130.883810478972));
#1946=CARTESIAN_POINT('',(34.7573593128807,278.724551179078,130.883810478972));
#1947=CARTESIAN_POINT('',(34.7573593128807,273.,130.883810478972));
#1948=CARTESIAN_POINT('Ctrl Pts',(34.7573593128807,278.724551179078,130.883810478972));
#1949=CARTESIAN_POINT('Ctrl Pts',(34.7573593128807,278.724551179078,131.385647533741));
#1950=CARTESIAN_POINT('Ctrl Pts',(34.8576089091833,278.709529748994,131.920544219832));
#1951=CARTESIAN_POINT('Ctrl Pts',(35.264010456695,278.647807427613,132.903558920869));
#1952=CARTESIAN_POINT('Ctrl Pts',(35.5701293094851,278.601015312062,133.351684889211));
#1953=CARTESIAN_POINT('Ctrl Pts',(36.2789667391138,278.49065288327,134.064013022549));
#1954=CARTESIAN_POINT('Ctrl Pts',(36.730764010583,278.419400767134,134.373658200664));
#1955=CARTESIAN_POINT('Ctrl Pts',(37.7189472801149,278.259822479374,134.783531759326));
#1956=CARTESIAN_POINT('Ctrl Pts',(38.2552979413264,278.171406798886,134.883810478972));
#1957=CARTESIAN_POINT('Ctrl Pts',(39.2605640236111,278.002201146145,134.883810478972));
#1958=CARTESIAN_POINT('Ctrl Pts',(39.7974456486662,277.9099633069,134.783121829863));
#1959=CARTESIAN_POINT('Ctrl Pts',(40.7859155406356,277.736800031144,134.372559280598));
#1960=CARTESIAN_POINT('Ctrl Pts',(41.2375090273808,277.655968626461,134.062658293671));
#1961=CARTESIAN_POINT('Ctrl Pts',(41.9453570940415,277.527827181333,133.350507119471));
#1962=CARTESIAN_POINT('Ctrl Pts',(42.2510290688175,277.471614631321,132.90290475535));
#1963=CARTESIAN_POINT('Ctrl Pts',(42.6570569625362,277.39654096621,131.920549706881));
#1964=CARTESIAN_POINT('Ctrl Pts',(42.7573593128807,277.377788039108,131.385766617498));
#1965=CARTESIAN_POINT('Ctrl Pts',(42.7573593128807,277.377788039108,130.381854340445));
#1966=CARTESIAN_POINT('Ctrl Pts',(42.6570569625362,277.39654096621,129.847071251062));
#1967=CARTESIAN_POINT('Ctrl Pts',(42.2510290688175,277.471614631321,128.864716202593));
#1968=CARTESIAN_POINT('Ctrl Pts',(41.9453570940415,277.527827181333,128.417113838472));
#1969=CARTESIAN_POINT('Ctrl Pts',(41.2375090273808,277.655968626461,127.704962664272));
#1970=CARTESIAN_POINT('Ctrl Pts',(40.7859155406356,277.736800031144,127.395061677345));
#1971=CARTESIAN_POINT('Ctrl Pts',(39.7974456486662,277.9099633069,126.98449912808));
#1972=CARTESIAN_POINT('Ctrl Pts',(39.2605640236111,278.002201146145,126.883810478972));
#1973=CARTESIAN_POINT('Ctrl Pts',(38.2552979413264,278.171406798886,126.883810478972));
#1974=CARTESIAN_POINT('Ctrl Pts',(37.7189472801149,278.259822479374,126.984089198617));
#1975=CARTESIAN_POINT('Ctrl Pts',(36.730764010583,278.419400767134,127.393962757279));
#1976=CARTESIAN_POINT('Ctrl Pts',(36.2789667391138,278.49065288327,127.703607935395));
#1977=CARTESIAN_POINT('Ctrl Pts',(35.5701293094851,278.601015312062,128.415936068732));
#1978=CARTESIAN_POINT('Ctrl Pts',(35.264010456695,278.647807427613,128.864062037074));
#1979=CARTESIAN_POINT('Ctrl Pts',(34.8576089091833,278.709529748994,129.847076738111));
#1980=CARTESIAN_POINT('Ctrl Pts',(34.7573593128807,278.724551179078,130.381973424202));
#1981=CARTESIAN_POINT('Ctrl Pts',(34.7573593128807,278.724551179078,130.883810478972));
#1982=CARTESIAN_POINT('Origin',(-1.77635683940025E-14,263.238886193551,
152.5));
#1983=CARTESIAN_POINT('',(-90.1083002535891,263.238886193551,152.5));
#1984=CARTESIAN_POINT('',(90.1083002535891,263.238886193551,152.5));
#1985=CARTESIAN_POINT('Origin',(1.72563323017096E-30,47.825924129034,152.5));
#1986=CARTESIAN_POINT('Origin',(0.,478.651848258068,152.5));
#1987=CARTESIAN_POINT('Origin',(-1.77635683940025E-14,263.238886193551,
155.));
#1988=CARTESIAN_POINT('',(100.,267.648897968505,155.));
#1989=CARTESIAN_POINT('',(-100.,267.648897968505,155.));
#1990=CARTESIAN_POINT('Origin',(1.72563323017096E-30,47.825924129034,155.));
#1991=CARTESIAN_POINT('',(-112.846436490043,274.230881203564,155.));
#1992=CARTESIAN_POINT('Origin',(0.,478.651848258068,155.));
#1993=CARTESIAN_POINT('',(-120.578954622123,260.223448771564,155.));
#1994=CARTESIAN_POINT('',(0.,478.651848258068,155.));
#1995=CARTESIAN_POINT('',(120.578954622123,260.223448771564,155.));
#1996=CARTESIAN_POINT('Origin',(0.,478.651848258068,155.));
#1997=CARTESIAN_POINT('',(112.846436490043,274.230881203564,155.));
#1998=CARTESIAN_POINT('',(0.,478.651848258068,155.));
#1999=CARTESIAN_POINT('Origin',(0.,478.651848258068,155.));
#2000=CARTESIAN_POINT('Origin',(-100.,47.825924129034,65.5));
#2001=CARTESIAN_POINT('',(50.22,275.861451185675,65.5));
#2002=CARTESIAN_POINT('',(50.22,284.04658706943,65.5));
#2003=CARTESIAN_POINT('',(50.22,263.238886193551,65.5));
#2004=CARTESIAN_POINT('',(-50.18,275.87025666111,65.5));
#2005=CARTESIAN_POINT('Origin',(1.72563323017096E-30,47.825924129034,65.5));
#2006=CARTESIAN_POINT('',(-50.18,284.055087442965,65.5));
#2007=CARTESIAN_POINT('',(-50.18,263.238886193551,65.5));
#2008=CARTESIAN_POINT('Origin',(1.72563323017096E-30,47.825924129034,65.5));
#2009=CARTESIAN_POINT('Origin',(111.133330886886,268.757511112003,39.5));
#2010=CARTESIAN_POINT('',(108.983330886886,268.757511112003,39.5));
#2011=CARTESIAN_POINT('Origin',(111.133330886886,268.757511112003,39.5));
#2012=CARTESIAN_POINT('Origin',(0.,478.651848258068,155.));
#2013=CARTESIAN_POINT('',(90.108300253589,263.238886193551,135.));
#2014=CARTESIAN_POINT('',(90.108300253589,263.238886193551,155.));
#2015=CARTESIAN_POINT('',(-90.108300253589,263.238886193551,135.));
#2016=CARTESIAN_POINT('Origin',(0.,478.651848258068,135.));
#2017=CARTESIAN_POINT('',(-90.108300253589,263.238886193551,155.));
#2018=CARTESIAN_POINT('Origin',(0.,478.651848258068,155.));
#2019=CARTESIAN_POINT('',(-100.,267.648897968505,32.5));
#2020=CARTESIAN_POINT('',(-100.,267.648886193551,155.));
#2021=CARTESIAN_POINT('',(-112.846436490043,274.230881203564,32.5));
#2022=CARTESIAN_POINT('Origin',(0.,478.651848258068,32.5));
#2023=CARTESIAN_POINT('',(-112.846436490043,274.230881203564,155.));
#2024=CARTESIAN_POINT('Origin',(-120.337313430496,260.661181035064,155.));
#2025=CARTESIAN_POINT('',(-120.578954622123,260.223448771564,32.5));
#2026=CARTESIAN_POINT('',(-107.335566084562,284.21380572152,32.5));
#2027=CARTESIAN_POINT('',(-120.578954622123,260.223448771564,155.));
#2028=CARTESIAN_POINT('Origin',(-50.18,284.055087442965,28.5));
#2029=CARTESIAN_POINT('',(-50.18,284.055087442965,32.5));
#2030=CARTESIAN_POINT('',(-50.18,275.87025666111,32.5));
#2031=CARTESIAN_POINT('',(-50.18,269.873226086891,32.5));
#2032=CARTESIAN_POINT('',(-50.18,284.055087442965,135.));
#2033=CARTESIAN_POINT('',(-50.18,275.87025666111,135.));
#2034=CARTESIAN_POINT('Origin',(-111.133330886886,268.757511112003,32.5));
#2035=CARTESIAN_POINT('',(-113.283330886886,268.757511112003,32.5));
#2036=CARTESIAN_POINT('Origin',(-111.133330886886,268.757511112003,32.5));
#2037=CARTESIAN_POINT('',(-113.283330886886,268.757511112003,32.5));
#2038=CARTESIAN_POINT('Origin',(1.72563323017096E-30,47.825924129034,135.));
#2039=CARTESIAN_POINT('',(50.22,275.861451185675,32.5));
#2040=CARTESIAN_POINT('',(50.22,275.861451185675,135.));
#2041=CARTESIAN_POINT('',(100.,258.828636464559,32.5));
#2042=CARTESIAN_POINT('Origin',(1.72563323017096E-30,47.825924129034,32.5));
#2043=CARTESIAN_POINT('',(100.,258.828636464559,135.));
#2044=CARTESIAN_POINT('',(100.,258.828623825343,155.));
#2045=CARTESIAN_POINT('Origin',(1.72563323017096E-30,47.825924129034,135.));
#2046=CARTESIAN_POINT('',(-100.,258.828874418597,135.));
#2047=CARTESIAN_POINT('Origin',(1.72563323017096E-30,47.825924129034,135.));
#2048=CARTESIAN_POINT('',(-100.,258.828874418597,32.5));
#2049=CARTESIAN_POINT('',(-100.,258.828886193551,135.));
#2050=CARTESIAN_POINT('Origin',(1.72563323017096E-30,47.825924129034,32.5));
#2051=CARTESIAN_POINT('Origin',(0.,478.651848258068,155.));
#2052=CARTESIAN_POINT('',(116.748488658013,258.152323550939,32.5));
#2053=CARTESIAN_POINT('',(120.578954622123,260.223448771564,32.5));
#2054=CARTESIAN_POINT('Origin',(0.,478.651848258068,32.5));
#2055=CARTESIAN_POINT('',(120.578954622123,260.223448771564,155.));
#2056=CARTESIAN_POINT('',(-116.748488658013,258.152323550939,32.5));
#2057=CARTESIAN_POINT('Origin',(0.,478.651848258068,32.5));
#2058=CARTESIAN_POINT('',(-116.748488658013,258.152323550939,152.5));
#2059=CARTESIAN_POINT('',(-116.748488658013,258.152323550939,155.));
#2060=CARTESIAN_POINT('',(116.748488658013,258.152323550939,152.5));
#2061=CARTESIAN_POINT('Origin',(0.,478.651848258068,152.5));
#2062=CARTESIAN_POINT('',(116.748488658013,258.152323550939,155.));
#2063=CARTESIAN_POINT('Origin',(112.846436490043,274.230881203564,155.));
#2064=CARTESIAN_POINT('',(112.846436490043,274.230881203564,32.5));
#2065=CARTESIAN_POINT('',(103.590127614336,290.99865580577,32.5));
#2066=CARTESIAN_POINT('',(112.846436490043,274.230881203564,155.));
#2067=CARTESIAN_POINT('Origin',(0.,478.651848258068,155.));
#2068=CARTESIAN_POINT('',(100.,267.648897968505,32.5));
#2069=CARTESIAN_POINT('',(100.,267.648886193551,155.));
#2070=CARTESIAN_POINT('Origin',(0.,478.651848258068,32.5));
#2071=CARTESIAN_POINT('Origin',(1.72563323017096E-30,47.825924129034,135.));
#2072=CARTESIAN_POINT('',(50.22,284.04658706943,32.5));
#2073=CARTESIAN_POINT('',(50.22,284.04658706943,135.));
#2074=CARTESIAN_POINT('Origin',(1.72563323017096E-30,47.825924129034,32.5));
#2075=CARTESIAN_POINT('Origin',(1.72563323017096E-30,47.825924129034,32.5));
#2076=CARTESIAN_POINT('Origin',(50.22,275.861451185675,28.5));
#2077=CARTESIAN_POINT('',(50.22,265.776407958245,32.5));
#2078=CARTESIAN_POINT('Origin',(111.133330886886,268.757511112003,32.5));
#2079=CARTESIAN_POINT('',(108.983330886886,268.757511112003,32.5));
#2080=CARTESIAN_POINT('Origin',(111.133330886886,268.757511112003,32.5));
#2081=CARTESIAN_POINT('',(108.983330886886,268.757511112003,32.5));
#2082=CARTESIAN_POINT('Origin',(-1.40834381901946E-16,239.451848258068,
144.75));
#2083=CARTESIAN_POINT('',(5.02105187650414E-16,239.451848258068,150.));
#2084=CARTESIAN_POINT('Origin',(-1.40834381901947E-16,239.451848258068,
144.75));
#2085=CARTESIAN_POINT('Origin',(-59.1994778560129,246.893219893177,144.75));
#2086=CARTESIAN_POINT('',(-59.199477856013,246.893219893177,150.));
#2087=CARTESIAN_POINT('Origin',(-59.199477856013,246.893219893177,144.75));
#2088=CARTESIAN_POINT('Origin',(59.199477856013,246.893219893177,144.75));
#2089=CARTESIAN_POINT('',(59.199477856013,246.893219893177,150.));
#2090=CARTESIAN_POINT('Origin',(59.199477856013,246.893219893177,144.75));
#2091=CARTESIAN_POINT('Origin',(100.,478.651848258068,135.));
#2092=CARTESIAN_POINT('Origin',(0.,478.651848258068,135.));
#2093=CARTESIAN_POINT('Origin',(-1.77635683940025E-14,255.691364730816,
32.5));
#2094=CARTESIAN_POINT('',(-113.005050143929,265.222448591649,32.5));
#2095=CARTESIAN_POINT('Origin',(0.,478.651848258068,32.5));
#2096=CARTESIAN_POINT('',(-102.604096261028,284.86643211591,32.5));
#2097=CARTESIAN_POINT('Origin',(-113.005050143929,265.222448591649,155.));
#2098=CARTESIAN_POINT('',(-113.005050143929,265.222448591649,152.5));
#2099=CARTESIAN_POINT('',(-113.005050143929,265.222448591649,155.));
#2100=CARTESIAN_POINT('',(0.,478.651848258068,152.5));
#2101=CARTESIAN_POINT('Origin',(-3.5527136788005E-14,247.437148424858,152.5));
#2102=CARTESIAN_POINT('',(113.005050143928,265.222448591649,152.5));
#2103=CARTESIAN_POINT('',(0.,478.651848258068,152.5));
#2104=CARTESIAN_POINT('Origin',(0.,478.651848258068,152.5));
#2105=CARTESIAN_POINT('Origin',(116.514523750883,258.594206365983,155.));
#2106=CARTESIAN_POINT('',(113.005050143928,265.222448591649,32.5));
#2107=CARTESIAN_POINT('',(104.358833064505,281.552311003077,32.5));
#2108=CARTESIAN_POINT('',(113.005050143928,265.222448591649,79.));
#2109=CARTESIAN_POINT('Origin',(-1.77635683940025E-14,255.691364730816,
32.5));
#2110=CARTESIAN_POINT('Origin',(0.,478.651848258068,32.5));
#2111=CARTESIAN_POINT('Origin',(-7.04171909509728E-17,238.301848258068,
144.75));
#2112=CARTESIAN_POINT('',(2.73691106313441E-47,237.151848258068,139.5));
#2113=CARTESIAN_POINT('',(6.4293956955236E-16,237.151848258068,150.));
#2114=CARTESIAN_POINT('Ctrl Pts',(-1.52655665885959E-15,237.151848258068,
139.5));
#2115=CARTESIAN_POINT('Ctrl Pts',(-0.659223985478914,237.151848258068,139.5));
#2116=CARTESIAN_POINT('Ctrl Pts',(-1.36237417788768,237.154825001833,139.631750307622));
#2117=CARTESIAN_POINT('Ctrl Pts',(-2.65585950361773,237.165586298261,140.167538477172));
#2118=CARTESIAN_POINT('Ctrl Pts',(-3.24619639157289,237.173216651058,140.571575189114));
#2119=CARTESIAN_POINT('Ctrl Pts',(-4.17842481439778,237.187548453976,141.503803611939));
#2120=CARTESIAN_POINT('Ctrl Pts',(-4.58246152442185,237.195179593542,142.094140497971));
#2121=CARTESIAN_POINT('Ctrl Pts',(-5.11824969025155,237.205942688484,143.387625819239));
#2122=CARTESIAN_POINT('Ctrl Pts',(-5.25,237.208920219163,144.090776009554));
#2123=CARTESIAN_POINT('Ctrl Pts',(-5.25,237.208920219163,145.409223990446));
#2124=CARTESIAN_POINT('Ctrl Pts',(-5.11824969025155,237.205942688484,146.112374180761));
#2125=CARTESIAN_POINT('Ctrl Pts',(-4.58246152442185,237.195179593542,147.405859502029));
#2126=CARTESIAN_POINT('Ctrl Pts',(-4.17842481439778,237.187548453976,147.996196388061));
#2127=CARTESIAN_POINT('Ctrl Pts',(-3.2461963915729,237.173216651058,148.928424810886));
#2128=CARTESIAN_POINT('Ctrl Pts',(-2.65585950361772,237.165586298261,149.332461522828));
#2129=CARTESIAN_POINT('Ctrl Pts',(-1.36237417788767,237.154825001833,149.868249692378));
#2130=CARTESIAN_POINT('Ctrl Pts',(-0.659223985478914,237.151848258068,150.));
#2131=CARTESIAN_POINT('Ctrl Pts',(-1.2490009027033E-15,237.151848258068,
150.));
#2132=CARTESIAN_POINT('Ctrl Pts',(-4.85722573273506E-16,237.151848258068,
150.));
#2133=CARTESIAN_POINT('Ctrl Pts',(0.0639791203410688,237.151848258068,150.));
#2134=CARTESIAN_POINT('Ctrl Pts',(0.127952878285882,237.151873690946,149.998830477944));
#2135=CARTESIAN_POINT('Ctrl Pts',(0.284355104412966,237.151997963874,149.993110102809));
#2136=CARTESIAN_POINT('Ctrl Pts',(0.376715323414704,237.152124492885,149.987284307164));
#2137=CARTESIAN_POINT('Ctrl Pts',(0.578063058701345,237.152515410989,149.969229962237));
#2138=CARTESIAN_POINT('Ctrl Pts',(0.686919305182316,237.152800880172,149.956021521691));
#2139=CARTESIAN_POINT('Ctrl Pts',(1.10694102698935,237.15418405803,149.891652869544));
#2140=CARTESIAN_POINT('Ctrl Pts',(1.41366158852743,237.155801899042,149.815912570419));
#2141=CARTESIAN_POINT('Ctrl Pts',(2.21024192364422,237.161448112493,149.541180545303));
#2142=CARTESIAN_POINT('Ctrl Pts',(2.68001214162067,237.166344858702,149.2951180283));
#2143=CARTESIAN_POINT('Ctrl Pts',(3.64567085350963,237.178762308784,148.586777564145));
#2144=CARTESIAN_POINT('Ctrl Pts',(4.10524965631915,237.186483981262,148.090465374672));
#2145=CARTESIAN_POINT('Ctrl Pts',(4.80727311143938,237.199448346068,146.960845269031));
#2146=CARTESIAN_POINT('Ctrl Pts',(5.04678595227476,237.204558077593,146.339873604992));
#2147=CARTESIAN_POINT('Ctrl Pts',(5.19790524765829,237.207790838018,145.510244084224));
#2148=CARTESIAN_POINT('Ctrl Pts',(5.22130543139297,237.208297587459,145.328065765093));
#2149=CARTESIAN_POINT('Ctrl Pts',(5.24132330599598,237.20873162696,145.062784226467));
#2150=CARTESIAN_POINT('Ctrl Pts',(5.24559064431033,237.208824370034,144.980397001251));
#2151=CARTESIAN_POINT('Ctrl Pts',(5.24966681959565,237.208912968271,144.835805151175));
#2152=CARTESIAN_POINT('Ctrl Pts',(5.25031478710004,237.208927063752,144.773640610012));
#2153=CARTESIAN_POINT('Ctrl Pts',(5.24936799010933,237.208906476898,144.644604933061));
#2154=CARTESIAN_POINT('Ctrl Pts',(5.24759954748039,237.208868015802,144.577746115453));
#2155=CARTESIAN_POINT('Ctrl Pts',(5.23971345917838,237.208696716529,144.404739700288));
#2156=CARTESIAN_POINT('Ctrl Pts',(5.23164798320888,237.208521602198,144.298711688358));
#2157=CARTESIAN_POINT('Ctrl Pts',(5.19762497263046,237.207785974111,143.979836827928));
#2158=CARTESIAN_POINT('Ctrl Pts',(5.16184599672528,237.207014579338,143.768265944471));
#2159=CARTESIAN_POINT('Ctrl Pts',(5.02997091771995,237.204221787402,143.20186926572));
#2160=CARTESIAN_POINT('Ctrl Pts',(4.90942350806585,237.20170462706,142.853985570492));
#2161=CARTESIAN_POINT('Ctrl Pts',(4.50890251215251,237.193819430555,141.99962641632));
#2162=CARTESIAN_POINT('Ctrl Pts',(4.17994274784255,237.18769329555,141.521560852135));
#2163=CARTESIAN_POINT('Ctrl Pts',(3.37626807725698,237.175112747209,140.687780365913));
#2164=CARTESIAN_POINT('Ctrl Pts',(2.90580408468044,237.168774997979,140.338976218852));
#2165=CARTESIAN_POINT('Ctrl Pts',(1.85302161459843,237.158365297818,139.801326586244));
#2166=CARTESIAN_POINT('Ctrl Pts',(1.27533964048107,237.154481716083,139.621979757194));
#2167=CARTESIAN_POINT('Ctrl Pts',(0.55517817868148,237.152454189213,139.527921783754));
#2168=CARTESIAN_POINT('Ctrl Pts',(0.429899856705029,237.152198244294,139.516119038595));
#2169=CARTESIAN_POINT('Ctrl Pts',(0.249672370410091,237.151971136093,139.5056544744));
#2170=CARTESIAN_POINT('Ctrl Pts',(0.194979787304784,237.151920769398,139.503336377211));
#2171=CARTESIAN_POINT('Ctrl Pts',(0.0935177446161179,237.151861841172,139.500624711384));
#2172=CARTESIAN_POINT('Ctrl Pts',(0.0467599190324999,237.151848258068,139.5));
#2173=CARTESIAN_POINT('Ctrl Pts',(-9.71445146547011E-16,237.151848258068,
139.5));
#2174=CARTESIAN_POINT('',(5.72522378601388E-16,238.301848258068,150.));
#2175=CARTESIAN_POINT('Origin',(-105.762650035522,262.713004816587,144.75));
#2176=CARTESIAN_POINT('',(-101.485343046445,259.510398169899,144.75));
#2177=CARTESIAN_POINT('',(-106.225304311095,261.768389405127,150.));
#2178=CARTESIAN_POINT('Ctrl Pts',(-101.485343046445,259.510398169899,144.75));
#2179=CARTESIAN_POINT('Ctrl Pts',(-101.485343046445,259.510398169899,144.090776009554));
#2180=CARTESIAN_POINT('Ctrl Pts',(-101.60497348945,259.565675352482,143.387625819239));
#2181=CARTESIAN_POINT('Ctrl Pts',(-102.09088199319,259.791679177337,142.094140497971));
#2182=CARTESIAN_POINT('Ctrl Pts',(-102.457091100006,259.962543999412,141.503803611939));
#2183=CARTESIAN_POINT('Ctrl Pts',(-103.300599691764,260.359719638806,140.571575189114));
#2184=CARTESIAN_POINT('Ctrl Pts',(-103.83411870914,260.612530480471,140.167538477172));
#2185=CARTESIAN_POINT('Ctrl Pts',(-105.000490110414,261.171813814453,139.631750307623));
#2186=CARTESIAN_POINT('Ctrl Pts',(-105.633276244306,261.478425560545,139.5));
#2187=CARTESIAN_POINT('Ctrl Pts',(-106.817332377884,262.05835324971,139.5));
#2188=CARTESIAN_POINT('Ctrl Pts',(-107.447499832585,262.370311633349,139.631750307623));
#2189=CARTESIAN_POINT('Ctrl Pts',(-108.604404385099,262.948923722536,140.167538477172));
#2190=CARTESIAN_POINT('Ctrl Pts',(-109.131210884479,263.215439717882,140.571575189114));
#2191=CARTESIAN_POINT('Ctrl Pts',(-109.962111607696,263.638357228815,141.503803611939));
#2192=CARTESIAN_POINT('Ctrl Pts',(-110.321607504388,263.822928617715,142.094140497971));
#2193=CARTESIAN_POINT('Ctrl Pts',(-110.798047577191,264.068264428152,143.387625819239));
#2194=CARTESIAN_POINT('Ctrl Pts',(-110.915058648747,264.128889661686,144.090776009554));
#2195=CARTESIAN_POINT('Ctrl Pts',(-110.915058648747,264.128889661686,145.409223990446));
#2196=CARTESIAN_POINT('Ctrl Pts',(-110.798047577191,264.068264428152,146.112374180761));
#2197=CARTESIAN_POINT('Ctrl Pts',(-110.321607504388,263.822928617715,147.405859502029));
#2198=CARTESIAN_POINT('Ctrl Pts',(-109.962111607696,263.638357228815,147.996196388061));
#2199=CARTESIAN_POINT('Ctrl Pts',(-109.131210884479,263.215439717882,148.928424810886));
#2200=CARTESIAN_POINT('Ctrl Pts',(-108.604404385099,262.948923722536,149.332461522828));
#2201=CARTESIAN_POINT('Ctrl Pts',(-107.447499832585,262.370311633349,149.868249692378));
#2202=CARTESIAN_POINT('Ctrl Pts',(-106.817332377884,262.05835324971,150.));
#2203=CARTESIAN_POINT('Ctrl Pts',(-106.225304311095,261.768389405127,150.));
#2204=CARTESIAN_POINT('Ctrl Pts',(-106.225304311095,261.768389405127,150.));
#2205=CARTESIAN_POINT('Ctrl Pts',(-105.633276244306,261.478425560545,150.));
#2206=CARTESIAN_POINT('Ctrl Pts',(-105.000490110414,261.171813814453,149.868249692378));
#2207=CARTESIAN_POINT('Ctrl Pts',(-103.83411870914,260.612530480471,149.332461522828));
#2208=CARTESIAN_POINT('Ctrl Pts',(-103.300599691764,260.359719638806,148.928424810886));
#2209=CARTESIAN_POINT('Ctrl Pts',(-102.457091100006,259.962543999412,147.996196388061));
#2210=CARTESIAN_POINT('Ctrl Pts',(-102.09088199319,259.791679177337,147.405859502029));
#2211=CARTESIAN_POINT('Ctrl Pts',(-101.60497348945,259.565675352482,146.112374180761));
#2212=CARTESIAN_POINT('Ctrl Pts',(-101.485343046445,259.510398169899,145.409223990446));
#2213=CARTESIAN_POINT('Ctrl Pts',(-101.485343046445,259.510398169899,144.75));
#2214=CARTESIAN_POINT('',(-105.762650035522,262.713004816587,150.));
#2215=CARTESIAN_POINT('Origin',(105.762650035523,262.713004816587,144.75));
#2216=CARTESIAN_POINT('',(110.915058648747,264.128889661686,144.75));
#2217=CARTESIAN_POINT('',(106.225304311095,261.768389405127,150.));
#2218=CARTESIAN_POINT('Ctrl Pts',(110.915058648747,264.128889661686,144.75));
#2219=CARTESIAN_POINT('Ctrl Pts',(110.915058648747,264.128889661686,144.090776009554));
#2220=CARTESIAN_POINT('Ctrl Pts',(110.798047577191,264.068264428152,143.387625819239));
#2221=CARTESIAN_POINT('Ctrl Pts',(110.321607504388,263.822928617715,142.094140497971));
#2222=CARTESIAN_POINT('Ctrl Pts',(109.962111607696,263.638357228816,141.503803611939));
#2223=CARTESIAN_POINT('Ctrl Pts',(109.131210884479,263.215439717882,140.571575189114));
#2224=CARTESIAN_POINT('Ctrl Pts',(108.604404385099,262.948923722536,140.167538477172));
#2225=CARTESIAN_POINT('Ctrl Pts',(107.447499832585,262.370311633349,139.631750307623));
#2226=CARTESIAN_POINT('Ctrl Pts',(106.817332377884,262.05835324971,139.5));
#2227=CARTESIAN_POINT('Ctrl Pts',(105.633276244306,261.478425560545,139.5));
#2228=CARTESIAN_POINT('Ctrl Pts',(105.000490110414,261.171813814453,139.631750307623));
#2229=CARTESIAN_POINT('Ctrl Pts',(103.83411870914,260.612530480471,140.167538477172));
#2230=CARTESIAN_POINT('Ctrl Pts',(103.300599691764,260.359719638806,140.571575189114));
#2231=CARTESIAN_POINT('Ctrl Pts',(102.457091100006,259.962543999412,141.503803611939));
#2232=CARTESIAN_POINT('Ctrl Pts',(102.09088199319,259.791679177337,142.094140497971));
#2233=CARTESIAN_POINT('Ctrl Pts',(101.60497348945,259.565675352482,143.387625819239));
#2234=CARTESIAN_POINT('Ctrl Pts',(101.485343046445,259.510398169899,144.090776009554));
#2235=CARTESIAN_POINT('Ctrl Pts',(101.485343046445,259.510398169899,145.409223990446));
#2236=CARTESIAN_POINT('Ctrl Pts',(101.60497348945,259.565675352482,146.112374180761));
#2237=CARTESIAN_POINT('Ctrl Pts',(102.09088199319,259.791679177337,147.405859502029));
#2238=CARTESIAN_POINT('Ctrl Pts',(102.457091100006,259.962543999412,147.996196388061));
#2239=CARTESIAN_POINT('Ctrl Pts',(103.300599691764,260.359719638806,148.928424810886));
#2240=CARTESIAN_POINT('Ctrl Pts',(103.83411870914,260.612530480471,149.332461522828));
#2241=CARTESIAN_POINT('Ctrl Pts',(105.000490110414,261.171813814453,149.868249692378));
#2242=CARTESIAN_POINT('Ctrl Pts',(105.633276244306,261.478425560545,150.));
#2243=CARTESIAN_POINT('Ctrl Pts',(106.225304311095,261.768389405127,150.));
#2244=CARTESIAN_POINT('Ctrl Pts',(106.225304311095,261.768389405127,150.));
#2245=CARTESIAN_POINT('Ctrl Pts',(106.817332377884,262.05835324971,150.));
#2246=CARTESIAN_POINT('Ctrl Pts',(107.447499832585,262.370311633349,149.868249692378));
#2247=CARTESIAN_POINT('Ctrl Pts',(108.604404385099,262.948923722536,149.332461522828));
#2248=CARTESIAN_POINT('Ctrl Pts',(109.131210884479,263.215439717882,148.928424810886));
#2249=CARTESIAN_POINT('Ctrl Pts',(109.962111607696,263.638357228816,147.996196388061));
#2250=CARTESIAN_POINT('Ctrl Pts',(110.321607504388,263.822928617715,147.405859502029));
#2251=CARTESIAN_POINT('Ctrl Pts',(110.798047577191,264.068264428152,146.112374180761));
#2252=CARTESIAN_POINT('Ctrl Pts',(110.915058648747,264.128889661686,145.409223990446));
#2253=CARTESIAN_POINT('Ctrl Pts',(110.915058648747,264.128889661686,144.75));
#2254=CARTESIAN_POINT('',(105.762650035523,262.713004816587,150.));
#2255=CARTESIAN_POINT('Origin',(-105.762650035522,262.713004816587,92.4025));
#2256=CARTESIAN_POINT('',(-101.485343046445,259.510398169899,92.4025));
#2257=CARTESIAN_POINT('',(-106.225304311095,261.768389405127,97.6525));
#2258=CARTESIAN_POINT('Ctrl Pts',(-101.485343046445,259.510398169899,92.4025));
#2259=CARTESIAN_POINT('Ctrl Pts',(-101.485343046445,259.510398169899,91.7432760095542));
#2260=CARTESIAN_POINT('Ctrl Pts',(-101.60497348945,259.565675352482,91.040125819239));
#2261=CARTESIAN_POINT('Ctrl Pts',(-102.09088199319,259.791679177337,89.7466404979708));
#2262=CARTESIAN_POINT('Ctrl Pts',(-102.457091100006,259.962543999412,89.156303611939));
#2263=CARTESIAN_POINT('Ctrl Pts',(-103.300599691764,260.359719638806,88.2240751891142));
#2264=CARTESIAN_POINT('Ctrl Pts',(-103.83411870914,260.612530480471,87.8200384771719));
#2265=CARTESIAN_POINT('Ctrl Pts',(-105.000490110414,261.171813814453,87.2842503076225));
#2266=CARTESIAN_POINT('Ctrl Pts',(-105.633276244306,261.478425560545,87.1525));
#2267=CARTESIAN_POINT('Ctrl Pts',(-106.817332377884,262.05835324971,87.1525));
#2268=CARTESIAN_POINT('Ctrl Pts',(-107.447499832585,262.370311633349,87.2842503076225));
#2269=CARTESIAN_POINT('Ctrl Pts',(-108.604404385099,262.948923722536,87.8200384771719));
#2270=CARTESIAN_POINT('Ctrl Pts',(-109.131210884479,263.215439717882,88.2240751891142));
#2271=CARTESIAN_POINT('Ctrl Pts',(-109.962111607696,263.638357228816,89.156303611939));
#2272=CARTESIAN_POINT('Ctrl Pts',(-110.321607504387,263.822928617715,89.7466404979708));
#2273=CARTESIAN_POINT('Ctrl Pts',(-110.798047577191,264.068264428152,91.0401258192389));
#2274=CARTESIAN_POINT('Ctrl Pts',(-110.915058648747,264.128889661686,91.7432760095542));
#2275=CARTESIAN_POINT('Ctrl Pts',(-110.915058648747,264.128889661686,93.0617239904458));
#2276=CARTESIAN_POINT('Ctrl Pts',(-110.798047577191,264.068264428152,93.764874180761));
#2277=CARTESIAN_POINT('Ctrl Pts',(-110.321607504387,263.822928617715,95.0583595020292));
#2278=CARTESIAN_POINT('Ctrl Pts',(-109.962111607696,263.638357228816,95.648696388061));
#2279=CARTESIAN_POINT('Ctrl Pts',(-109.131210884479,263.215439717882,96.5809248108858));
#2280=CARTESIAN_POINT('Ctrl Pts',(-108.604404385099,262.948923722536,96.9849615228281));
#2281=CARTESIAN_POINT('Ctrl Pts',(-107.447499832585,262.370311633349,97.5207496923775));
#2282=CARTESIAN_POINT('Ctrl Pts',(-106.817332377884,262.05835324971,97.6525));
#2283=CARTESIAN_POINT('Ctrl Pts',(-106.225304311095,261.768389405127,97.6525));
#2284=CARTESIAN_POINT('Ctrl Pts',(-106.225304311095,261.768389405127,97.6525));
#2285=CARTESIAN_POINT('Ctrl Pts',(-105.633276244306,261.478425560545,97.6525));
#2286=CARTESIAN_POINT('Ctrl Pts',(-105.000490110414,261.171813814453,97.5207496923775));
#2287=CARTESIAN_POINT('Ctrl Pts',(-103.83411870914,260.612530480471,96.9849615228281));
#2288=CARTESIAN_POINT('Ctrl Pts',(-103.300599691764,260.359719638806,96.5809248108858));
#2289=CARTESIAN_POINT('Ctrl Pts',(-102.457091100006,259.962543999412,95.648696388061));
#2290=CARTESIAN_POINT('Ctrl Pts',(-102.09088199319,259.791679177337,95.0583595020292));
#2291=CARTESIAN_POINT('Ctrl Pts',(-101.60497348945,259.565675352482,93.764874180761));
#2292=CARTESIAN_POINT('Ctrl Pts',(-101.485343046445,259.510398169899,93.0617239904458));
#2293=CARTESIAN_POINT('Ctrl Pts',(-101.485343046445,259.510398169899,92.4025));
#2294=CARTESIAN_POINT('',(-105.762650035522,262.713004816587,97.6525));
#2295=CARTESIAN_POINT('Origin',(105.762650035523,262.713004816587,92.4025));
#2296=CARTESIAN_POINT('',(110.915058648747,264.128889661686,92.4025));
#2297=CARTESIAN_POINT('',(106.225304311095,261.768389405127,97.6525000000001));
#2298=CARTESIAN_POINT('Ctrl Pts',(110.915058648747,264.128889661686,92.4025));
#2299=CARTESIAN_POINT('Ctrl Pts',(110.915058648747,264.128889661686,91.7432760095542));
#2300=CARTESIAN_POINT('Ctrl Pts',(110.798047577191,264.068264428152,91.040125819239));
#2301=CARTESIAN_POINT('Ctrl Pts',(110.321607504388,263.822928617715,89.7466404979708));
#2302=CARTESIAN_POINT('Ctrl Pts',(109.962111607696,263.638357228816,89.1563036119391));
#2303=CARTESIAN_POINT('Ctrl Pts',(109.131210884479,263.215439717882,88.2240751891142));
#2304=CARTESIAN_POINT('Ctrl Pts',(108.604404385099,262.948923722536,87.820038477172));
#2305=CARTESIAN_POINT('Ctrl Pts',(107.447499832585,262.370311633349,87.2842503076225));
#2306=CARTESIAN_POINT('Ctrl Pts',(106.817332377884,262.05835324971,87.1525));
#2307=CARTESIAN_POINT('Ctrl Pts',(105.633276244306,261.478425560545,87.1525));
#2308=CARTESIAN_POINT('Ctrl Pts',(105.000490110414,261.171813814453,87.2842503076225));
#2309=CARTESIAN_POINT('Ctrl Pts',(103.83411870914,260.612530480471,87.820038477172));
#2310=CARTESIAN_POINT('Ctrl Pts',(103.300599691764,260.359719638806,88.2240751891142));
#2311=CARTESIAN_POINT('Ctrl Pts',(102.457091100006,259.962543999412,89.1563036119391));
#2312=CARTESIAN_POINT('Ctrl Pts',(102.09088199319,259.791679177337,89.7466404979709));
#2313=CARTESIAN_POINT('Ctrl Pts',(101.60497348945,259.565675352482,91.040125819239));
#2314=CARTESIAN_POINT('Ctrl Pts',(101.485343046445,259.510398169899,91.7432760095542));
#2315=CARTESIAN_POINT('Ctrl Pts',(101.485343046445,259.510398169899,93.0617239904458));
#2316=CARTESIAN_POINT('Ctrl Pts',(101.60497348945,259.565675352482,93.7648741807611));
#2317=CARTESIAN_POINT('Ctrl Pts',(102.09088199319,259.791679177337,95.0583595020292));
#2318=CARTESIAN_POINT('Ctrl Pts',(102.457091100006,259.962543999412,95.648696388061));
#2319=CARTESIAN_POINT('Ctrl Pts',(103.300599691764,260.359719638806,96.5809248108859));
#2320=CARTESIAN_POINT('Ctrl Pts',(103.83411870914,260.612530480471,96.9849615228281));
#2321=CARTESIAN_POINT('Ctrl Pts',(105.000490110414,261.171813814453,97.5207496923776));
#2322=CARTESIAN_POINT('Ctrl Pts',(105.633276244306,261.478425560545,97.6525000000001));
#2323=CARTESIAN_POINT('Ctrl Pts',(106.225304311095,261.768389405127,97.6525000000001));
#2324=CARTESIAN_POINT('Ctrl Pts',(106.225304311095,261.768389405127,97.6525000000001));
#2325=CARTESIAN_POINT('Ctrl Pts',(106.817332377884,262.05835324971,97.6525000000001));
#2326=CARTESIAN_POINT('Ctrl Pts',(107.447499832585,262.370311633349,97.5207496923776));
#2327=CARTESIAN_POINT('Ctrl Pts',(108.604404385099,262.948923722536,96.9849615228281));
#2328=CARTESIAN_POINT('Ctrl Pts',(109.131210884479,263.215439717882,96.5809248108859));
#2329=CARTESIAN_POINT('Ctrl Pts',(109.962111607696,263.638357228816,95.648696388061));
#2330=CARTESIAN_POINT('Ctrl Pts',(110.321607504388,263.822928617715,95.0583595020292));
#2331=CARTESIAN_POINT('Ctrl Pts',(110.798047577191,264.068264428152,93.7648741807611));
#2332=CARTESIAN_POINT('Ctrl Pts',(110.915058648747,264.128889661686,93.0617239904458));
#2333=CARTESIAN_POINT('Ctrl Pts',(110.915058648747,264.128889661686,92.4025));
#2334=CARTESIAN_POINT('',(105.762650035523,262.713004816587,97.6525000000001));
#2335=CARTESIAN_POINT('Origin',(-105.762650035522,262.713004816587,40.055));
#2336=CARTESIAN_POINT('',(-101.485343046445,259.510398169899,40.055));
#2337=CARTESIAN_POINT('',(-106.225304311095,261.768389405127,45.305));
#2338=CARTESIAN_POINT('Ctrl Pts',(-101.485343046445,259.510398169899,40.055));
#2339=CARTESIAN_POINT('Ctrl Pts',(-101.485343046445,259.510398169899,39.3957760095542));
#2340=CARTESIAN_POINT('Ctrl Pts',(-101.60497348945,259.565675352482,38.6926258192389));
#2341=CARTESIAN_POINT('Ctrl Pts',(-102.09088199319,259.791679177337,37.3991404979708));
#2342=CARTESIAN_POINT('Ctrl Pts',(-102.457091100006,259.962543999412,36.808803611939));
#2343=CARTESIAN_POINT('Ctrl Pts',(-103.300599691764,260.359719638806,35.8765751891141));
#2344=CARTESIAN_POINT('Ctrl Pts',(-103.83411870914,260.612530480471,35.4725384771719));
#2345=CARTESIAN_POINT('Ctrl Pts',(-105.000490110414,261.171813814453,34.9367503076225));
#2346=CARTESIAN_POINT('Ctrl Pts',(-105.633276244306,261.478425560545,34.805));
#2347=CARTESIAN_POINT('Ctrl Pts',(-106.817332377884,262.05835324971,34.805));
#2348=CARTESIAN_POINT('Ctrl Pts',(-107.447499832585,262.370311633349,34.9367503076224));
#2349=CARTESIAN_POINT('Ctrl Pts',(-108.604404385099,262.948923722536,35.4725384771719));
#2350=CARTESIAN_POINT('Ctrl Pts',(-109.131210884479,263.215439717882,35.8765751891141));
#2351=CARTESIAN_POINT('Ctrl Pts',(-109.962111607696,263.638357228816,36.808803611939));
#2352=CARTESIAN_POINT('Ctrl Pts',(-110.321607504388,263.822928617715,37.3991404979708));
#2353=CARTESIAN_POINT('Ctrl Pts',(-110.798047577191,264.068264428152,38.692625819239));
#2354=CARTESIAN_POINT('Ctrl Pts',(-110.915058648747,264.128889661686,39.3957760095542));
#2355=CARTESIAN_POINT('Ctrl Pts',(-110.915058648747,264.128889661686,40.7142239904458));
#2356=CARTESIAN_POINT('Ctrl Pts',(-110.798047577191,264.068264428152,41.417374180761));
#2357=CARTESIAN_POINT('Ctrl Pts',(-110.321607504388,263.822928617715,42.7108595020292));
#2358=CARTESIAN_POINT('Ctrl Pts',(-109.962111607696,263.638357228816,43.301196388061));
#2359=CARTESIAN_POINT('Ctrl Pts',(-109.131210884479,263.215439717882,44.2334248108858));
#2360=CARTESIAN_POINT('Ctrl Pts',(-108.604404385099,262.948923722536,44.637461522828));
#2361=CARTESIAN_POINT('Ctrl Pts',(-107.447499832585,262.370311633349,45.1732496923775));
#2362=CARTESIAN_POINT('Ctrl Pts',(-106.817332377884,262.05835324971,45.305));
#2363=CARTESIAN_POINT('Ctrl Pts',(-106.225304311095,261.768389405127,45.305));
#2364=CARTESIAN_POINT('Ctrl Pts',(-106.225304311095,261.768389405127,45.305));
#2365=CARTESIAN_POINT('Ctrl Pts',(-105.633276244306,261.478425560545,45.305));
#2366=CARTESIAN_POINT('Ctrl Pts',(-105.000490110414,261.171813814453,45.1732496923775));
#2367=CARTESIAN_POINT('Ctrl Pts',(-103.83411870914,260.612530480471,44.637461522828));
#2368=CARTESIAN_POINT('Ctrl Pts',(-103.300599691764,260.359719638806,44.2334248108858));
#2369=CARTESIAN_POINT('Ctrl Pts',(-102.457091100006,259.962543999412,43.301196388061));
#2370=CARTESIAN_POINT('Ctrl Pts',(-102.09088199319,259.791679177337,42.7108595020292));
#2371=CARTESIAN_POINT('Ctrl Pts',(-101.60497348945,259.565675352482,41.417374180761));
#2372=CARTESIAN_POINT('Ctrl Pts',(-101.485343046445,259.510398169899,40.7142239904458));
#2373=CARTESIAN_POINT('Ctrl Pts',(-101.485343046445,259.510398169899,40.055));
#2374=CARTESIAN_POINT('',(-105.762650035522,262.713004816587,45.305));
#2375=CARTESIAN_POINT('Origin',(105.762650035523,262.713004816587,40.055));
#2376=CARTESIAN_POINT('',(110.915058648747,264.128889661686,40.055));
#2377=CARTESIAN_POINT('',(106.225304311095,261.768389405127,45.305));
#2378=CARTESIAN_POINT('Ctrl Pts',(110.915058648747,264.128889661686,40.055));
#2379=CARTESIAN_POINT('Ctrl Pts',(110.915058648747,264.128889661686,39.3957760095542));
#2380=CARTESIAN_POINT('Ctrl Pts',(110.798047577191,264.068264428152,38.692625819239));
#2381=CARTESIAN_POINT('Ctrl Pts',(110.321607504388,263.822928617715,37.3991404979708));
#2382=CARTESIAN_POINT('Ctrl Pts',(109.962111607696,263.638357228816,36.808803611939));
#2383=CARTESIAN_POINT('Ctrl Pts',(109.131210884479,263.215439717882,35.8765751891141));
#2384=CARTESIAN_POINT('Ctrl Pts',(108.604404385099,262.948923722536,35.4725384771719));
#2385=CARTESIAN_POINT('Ctrl Pts',(107.447499832585,262.370311633349,34.9367503076225));
#2386=CARTESIAN_POINT('Ctrl Pts',(106.817332377884,262.05835324971,34.805));
#2387=CARTESIAN_POINT('Ctrl Pts',(105.633276244306,261.478425560545,34.805));
#2388=CARTESIAN_POINT('Ctrl Pts',(105.000490110414,261.171813814453,34.9367503076225));
#2389=CARTESIAN_POINT('Ctrl Pts',(103.83411870914,260.612530480471,35.4725384771719));
#2390=CARTESIAN_POINT('Ctrl Pts',(103.300599691765,260.359719638806,35.8765751891141));
#2391=CARTESIAN_POINT('Ctrl Pts',(102.457091100006,259.962543999412,36.808803611939));
#2392=CARTESIAN_POINT('Ctrl Pts',(102.09088199319,259.791679177337,37.3991404979708));
#2393=CARTESIAN_POINT('Ctrl Pts',(101.60497348945,259.565675352482,38.6926258192389));
#2394=CARTESIAN_POINT('Ctrl Pts',(101.485343046445,259.510398169899,39.3957760095542));
#2395=CARTESIAN_POINT('Ctrl Pts',(101.485343046445,259.510398169899,40.7142239904458));
#2396=CARTESIAN_POINT('Ctrl Pts',(101.60497348945,259.565675352482,41.417374180761));
#2397=CARTESIAN_POINT('Ctrl Pts',(102.09088199319,259.791679177337,42.7108595020292));
#2398=CARTESIAN_POINT('Ctrl Pts',(102.457091100006,259.962543999412,43.301196388061));
#2399=CARTESIAN_POINT('Ctrl Pts',(103.300599691765,260.359719638806,44.2334248108859));
#2400=CARTESIAN_POINT('Ctrl Pts',(103.83411870914,260.612530480471,44.6374615228281));
#2401=CARTESIAN_POINT('Ctrl Pts',(105.000490110414,261.171813814453,45.1732496923775));
#2402=CARTESIAN_POINT('Ctrl Pts',(105.633276244306,261.478425560545,45.305));
#2403=CARTESIAN_POINT('Ctrl Pts',(106.225304311095,261.768389405127,45.305));
#2404=CARTESIAN_POINT('Ctrl Pts',(106.225304311095,261.768389405127,45.305));
#2405=CARTESIAN_POINT('Ctrl Pts',(106.817332377884,262.05835324971,45.305));
#2406=CARTESIAN_POINT('Ctrl Pts',(107.447499832585,262.370311633349,45.1732496923775));
#2407=CARTESIAN_POINT('Ctrl Pts',(108.604404385099,262.948923722536,44.6374615228281));
#2408=CARTESIAN_POINT('Ctrl Pts',(109.131210884479,263.215439717882,44.2334248108859));
#2409=CARTESIAN_POINT('Ctrl Pts',(109.962111607696,263.638357228816,43.301196388061));
#2410=CARTESIAN_POINT('Ctrl Pts',(110.321607504388,263.822928617715,42.7108595020292));
#2411=CARTESIAN_POINT('Ctrl Pts',(110.798047577191,264.068264428152,41.4173741807611));
#2412=CARTESIAN_POINT('Ctrl Pts',(110.915058648747,264.128889661686,40.7142239904458));
#2413=CARTESIAN_POINT('Ctrl Pts',(110.915058648747,264.128889661686,40.055));
#2414=CARTESIAN_POINT('',(105.762650035523,262.713004816587,45.305));
#2415=CARTESIAN_POINT('Origin',(-59.4840907303207,245.778995718346,144.75));
#2416=CARTESIAN_POINT('',(-59.7687036046285,244.664771543515,139.5));
#2417=CARTESIAN_POINT('',(-59.7687036046285,244.664771543515,150.));
#2418=CARTESIAN_POINT('Ctrl Pts',(-59.7687036046285,244.664771543515,139.5));
#2419=CARTESIAN_POINT('Ctrl Pts',(-60.4074195187582,244.827922529011,139.5));
#2420=CARTESIAN_POINT('Ctrl Pts',(-61.0879584086017,245.004828926573,139.631750307623));
#2421=CARTESIAN_POINT('Ctrl Pts',(-62.3385408574802,245.335379424889,140.167538477172));
#2422=CARTESIAN_POINT('Ctrl Pts',(-62.9086242794042,245.488874557098,140.571575189114));
#2423=CARTESIAN_POINT('Ctrl Pts',(-63.8083046529292,245.733477211195,141.503803611939));
#2424=CARTESIAN_POINT('Ctrl Pts',(-64.1978833914179,245.840865776022,142.094140497971));
#2425=CARTESIAN_POINT('Ctrl Pts',(-64.7143397493031,245.983895959046,143.387625819239));
#2426=CARTESIAN_POINT('Ctrl Pts',(-64.84125447678,246.019387672969,144.090776009554));
#2427=CARTESIAN_POINT('Ctrl Pts',(-64.8412544767801,246.019387672969,145.409223990446));
#2428=CARTESIAN_POINT('Ctrl Pts',(-64.7143397493031,245.983895959046,146.112374180761));
#2429=CARTESIAN_POINT('Ctrl Pts',(-64.1978833914179,245.840865776022,147.405859502029));
#2430=CARTESIAN_POINT('Ctrl Pts',(-63.8083046529292,245.733477211195,147.996196388061));
#2431=CARTESIAN_POINT('Ctrl Pts',(-62.9086242794042,245.488874557098,148.928424810886));
#2432=CARTESIAN_POINT('Ctrl Pts',(-62.3385408574802,245.335379424889,149.332461522828));
#2433=CARTESIAN_POINT('Ctrl Pts',(-61.0879584086018,245.004828926573,149.868249692378));
#2434=CARTESIAN_POINT('Ctrl Pts',(-60.4074195187582,244.827922529011,150.));
#2435=CARTESIAN_POINT('Ctrl Pts',(-59.7687036046285,244.664771543515,150.));
#2436=CARTESIAN_POINT('Ctrl Pts',(-59.7687036046285,244.664771543515,150.));
#2437=CARTESIAN_POINT('Ctrl Pts',(-59.7067148371777,244.648937385832,150.));
#2438=CARTESIAN_POINT('Ctrl Pts',(-59.6447249709329,244.633129196961,149.998830477944));
#2439=CARTESIAN_POINT('Ctrl Pts',(-59.493157570043,244.594541701982,149.993110102809));
#2440=CARTESIAN_POINT('Ctrl Pts',(-59.4036393086604,244.571806114401,149.987284307164));
#2441=CARTESIAN_POINT('Ctrl Pts',(-59.2084586351568,244.522353429815,149.969229962237));
#2442=CARTESIAN_POINT('Ctrl Pts',(-59.1029181920132,244.495689245004,149.956021521691));
#2443=CARTESIAN_POINT('Ctrl Pts',(-58.6956207775633,244.393078445606,149.891652869544));
#2444=CARTESIAN_POINT('Ctrl Pts',(-58.3980417141163,244.318735851639,149.815912570419));
#2445=CARTESIAN_POINT('Ctrl Pts',(-57.6248451474888,244.127061180968,149.541180545303));
#2446=CARTESIAN_POINT('Ctrl Pts',(-57.1684773122729,244.015542416622,149.2951180283));
#2447=CARTESIAN_POINT('Ctrl Pts',(-56.2297864882882,243.788583217909,148.586777564145));
#2448=CARTESIAN_POINT('Ctrl Pts',(-55.7825938798282,243.682323765828,148.090465374672));
#2449=CARTESIAN_POINT('Ctrl Pts',(-55.0992014188505,243.521141413901,146.960845269031));
#2450=CARTESIAN_POINT('Ctrl Pts',(-54.8658750772699,243.466815282013,146.339873604992));
#2451=CARTESIAN_POINT('Ctrl Pts',(-54.7186569403687,243.432547040965,145.510244084224));
#2452=CARTESIAN_POINT('Ctrl Pts',(-54.6958593074752,243.427246726987,145.328065765093));
#2453=CARTESIAN_POINT('Ctrl Pts',(-54.6763567570046,243.42271305088,145.062784226467));
#2454=CARTESIAN_POINT('Ctrl Pts',(-54.6721992201481,243.421746787533,144.980397001251));
#2455=CARTESIAN_POINT('Ctrl Pts',(-54.6682279251545,243.420823819128,144.835805151175));
#2456=CARTESIAN_POINT('Ctrl Pts',(-54.6675966270559,243.420677110982,144.773640610012));
#2457=CARTESIAN_POINT('Ctrl Pts',(-54.6685190647771,243.420891486845,144.644604933061));
#2458=CARTESIAN_POINT('Ctrl Pts',(-54.6702420109093,243.421291893155,144.577746115453));
#2459=CARTESIAN_POINT('Ctrl Pts',(-54.6779251623959,243.423077646605,144.404739700288));
#2460=CARTESIAN_POINT('Ctrl Pts',(-54.6857830650914,243.424904100237,144.298711688358));
#2461=CARTESIAN_POINT('Ctrl Pts',(-54.7189296999708,243.432611693485,143.979836827928));
#2462=CARTESIAN_POINT('Ctrl Pts',(-54.7537865250037,243.440719215631,143.768265944471));
#2463=CARTESIAN_POINT('Ctrl Pts',(-54.8822502342435,243.470650997366,143.20186926572));
#2464=CARTESIAN_POINT('Ctrl Pts',(-54.999670455365,243.498046357233,142.853985570492));
#2465=CARTESIAN_POINT('Ctrl Pts',(-55.389682981118,243.589531187927,141.99962641632));
#2466=CARTESIAN_POINT('Ctrl Pts',(-55.7099251540163,243.665009706476,141.521560852135));
#2467=CARTESIAN_POINT('Ctrl Pts',(-56.4917115302683,243.851721538571,140.687780365913));
#2468=CARTESIAN_POINT('Ctrl Pts',(-56.9491081902174,243.962015830553,140.338976218852));
#2469=CARTESIAN_POINT('Ctrl Pts',(-57.9717155064672,244.212482530778,139.801326586245));
#2470=CARTESIAN_POINT('Ctrl Pts',(-58.5323872788898,244.351689962461,139.621979757194));
#2471=CARTESIAN_POINT('Ctrl Pts',(-59.2306467317324,244.527957879117,139.527921783754));
#2472=CARTESIAN_POINT('Ctrl Pts',(-59.3520910622955,244.558714960239,139.516119038595));
#2473=CARTESIAN_POINT('Ctrl Pts',(-59.5267679841362,244.603099319766,139.5056544744));
#2474=CARTESIAN_POINT('Ctrl Pts',(-59.5797715783012,244.616586357584,139.503336377211));
#2475=CARTESIAN_POINT('Ctrl Pts',(-59.6780917804952,244.641640048323,139.500624711384));
#2476=CARTESIAN_POINT('Ctrl Pts',(-59.7233983592379,244.653198956595,139.5));
#2477=CARTESIAN_POINT('Ctrl Pts',(-59.7687036046285,244.664771543515,139.5));
#2478=CARTESIAN_POINT('',(-59.4840907303207,245.778995718346,150.));
#2479=CARTESIAN_POINT('Origin',(59.4840907303207,245.778995718346,144.75));
#2480=CARTESIAN_POINT('',(59.7687036046285,244.664771543515,139.5));
#2481=CARTESIAN_POINT('',(59.7687036046285,244.664771543515,150.));
#2482=CARTESIAN_POINT('Ctrl Pts',(59.7687036046285,244.664771543515,139.5));
#2483=CARTESIAN_POINT('Ctrl Pts',(59.1299876904987,244.50162055802,139.5));
#2484=CARTESIAN_POINT('Ctrl Pts',(58.4479753752657,244.330482438484,139.631750307622));
#2485=CARTESIAN_POINT('Ctrl Pts',(57.1920663115913,244.020784977789,140.167538477172));
#2486=CARTESIAN_POINT('Ctrl Pts',(56.6182060259427,243.882075799579,140.571575189114));
#2487=CARTESIAN_POINT('Ctrl Pts',(55.7114317122047,243.665245043361,141.503803611939));
#2488=CARTESIAN_POINT('Ctrl Pts',(55.3180757205575,243.572643957117,142.094140497971));
#2489=CARTESIAN_POINT('Ctrl Pts',(54.7962918576498,243.450470296842,143.387625819239));
#2490=CARTESIAN_POINT('Ctrl Pts',(54.6679033152777,243.420748385812,144.090776009554));
#2491=CARTESIAN_POINT('Ctrl Pts',(54.6679033152777,243.420748385812,145.409223990446));
#2492=CARTESIAN_POINT('Ctrl Pts',(54.7962918576498,243.450470296842,146.112374180761));
#2493=CARTESIAN_POINT('Ctrl Pts',(55.3180757205575,243.572643957117,147.405859502029));
#2494=CARTESIAN_POINT('Ctrl Pts',(55.7114317122047,243.665245043361,147.996196388061));
#2495=CARTESIAN_POINT('Ctrl Pts',(56.6182060259427,243.882075799579,148.928424810886));
#2496=CARTESIAN_POINT('Ctrl Pts',(57.1920663115914,244.020784977789,149.332461522828));
#2497=CARTESIAN_POINT('Ctrl Pts',(58.4479753752657,244.330482438484,149.868249692378));
#2498=CARTESIAN_POINT('Ctrl Pts',(59.1299876904988,244.50162055802,150.));
#2499=CARTESIAN_POINT('Ctrl Pts',(59.7687036046285,244.664771543515,150.));
#2500=CARTESIAN_POINT('Ctrl Pts',(59.7687036046285,244.664771543515,150.));
#2501=CARTESIAN_POINT('Ctrl Pts',(59.8306923720793,244.680605701199,150.));
#2502=CARTESIAN_POINT('Ctrl Pts',(59.8926696495857,244.696463173422,149.998830477944));
#2503=CARTESIAN_POINT('Ctrl Pts',(60.0441755379971,244.73529148214,149.993110102809));
#2504=CARTESIAN_POINT('Ctrl Pts',(60.1336311701874,244.758272255258,149.987284307164));
#2505=CARTESIAN_POINT('Ctrl Pts',(60.3286183474732,244.808482453586,149.969229962237));
#2506=CARTESIAN_POINT('Ctrl Pts',(60.4340174893913,244.835699815205,149.956021521691));
#2507=CARTESIAN_POINT('Ctrl Pts',(60.8406302599703,244.940990910616,149.891652869544));
#2508=CARTESIAN_POINT('Ctrl Pts',(61.1374085262338,245.018468526437,149.815912570419));
#2509=CARTESIAN_POINT('Ctrl Pts',(61.9078103362711,245.221084323236,149.541180545303));
#2510=CARTESIAN_POINT('Ctrl Pts',(62.3617543853771,245.342091910198,149.2951180283));
#2511=CARTESIAN_POINT('Ctrl Pts',(63.2942988334324,245.593113409904,148.586777564145));
#2512=CARTESIAN_POINT('Ctrl Pts',(63.7376693768513,245.714335773543,148.090465374672));
#2513=CARTESIAN_POINT('Ctrl Pts',(64.4146447506449,245.900640227517,146.960845269031));
#2514=CARTESIAN_POINT('Ctrl Pts',(64.6454418828752,245.964867900958,146.339873604992));
#2515=CARTESIAN_POINT('Ctrl Pts',(64.7910598715389,246.005400524297,145.510244084224));
#2516=CARTESIAN_POINT('Ctrl Pts',(64.8136066741457,246.0116828078,145.328065765093));
#2517=CARTESIAN_POINT('Ctrl Pts',(64.8328943842166,246.017057557481,145.062784226467));
#2518=CARTESIAN_POINT('Ctrl Pts',(64.8370060152072,246.01820353661,144.980397001251));
#2519=CARTESIAN_POINT('Ctrl Pts',(64.8409334559419,246.019298189011,144.835805151175));
#2520=CARTESIAN_POINT('Ctrl Pts',(64.8415577770743,246.019472211116,144.773640610012));
#2521=CARTESIAN_POINT('Ctrl Pts',(64.8406455294117,246.019217942435,144.644604933061));
#2522=CARTESIAN_POINT('Ctrl Pts',(64.8389416207109,246.018743006937,144.577746115453));
#2523=CARTESIAN_POINT('Ctrl Pts',(64.8313432587524,246.01662531298,144.404739700288));
#2524=CARTESIAN_POINT('Ctrl Pts',(64.8235720339579,246.014459526094,144.298711688358));
#2525=CARTESIAN_POINT('Ctrl Pts',(64.7907895194686,246.005326446588,143.979836827928));
#2526=CARTESIAN_POINT('Ctrl Pts',(64.756314518581,245.995724130174,143.768265944471));
#2527=CARTESIAN_POINT('Ctrl Pts',(64.6292331824547,245.960380528803,143.20186926572));
#2528=CARTESIAN_POINT('Ctrl Pts',(64.5130589026199,245.928107463015,142.853985570492));
#2529=CARTESIAN_POINT('Ctrl Pts',(64.1269493828528,245.821342846983,141.99962641632));
#2530=CARTESIAN_POINT('Ctrl Pts',(63.8097395175929,245.733993219355,141.521560852135));
#2531=CARTESIAN_POINT('Ctrl Pts',(63.0341802474693,245.52290303753,140.687780365913));
#2532=CARTESIAN_POINT('Ctrl Pts',(62.5799206397377,245.400327574407,140.338976218852));
#2533=CARTESIAN_POINT('Ctrl Pts',(61.562465905546,245.129689153187,139.801326586244));
#2534=CARTESIAN_POINT('Ctrl Pts',(61.0037164241847,244.982956189932,139.621979757194));
#2535=CARTESIAN_POINT('Ctrl Pts',(60.3064605543858,244.802759369878,139.527921783754));
#2536=CARTESIAN_POINT('Ctrl Pts',(60.1851429111602,244.771506323511,139.516119038595));
#2537=CARTESIAN_POINT('Ctrl Pts',(60.0105784030898,244.726681877988,139.5056544744));
#2538=CARTESIAN_POINT('Ctrl Pts',(59.9575997393767,244.713097240535,139.503336377211));
#2539=CARTESIAN_POINT('Ctrl Pts',(59.8593087054116,244.687929359791,139.500624711384));
#2540=CARTESIAN_POINT('Ctrl Pts',(59.8140088500191,244.676344130435,139.5));
#2541=CARTESIAN_POINT('Ctrl Pts',(59.7687036046285,244.664771543515,139.5));
#2542=CARTESIAN_POINT('',(59.4840907303207,245.778995718346,150.));
#2543=CARTESIAN_POINT('Origin',(-106.576384250742,261.051578734277,113.3265));
#2544=CARTESIAN_POINT('',(-101.485343046445,259.510398169899,113.3265));
#2545=CARTESIAN_POINT('',(-106.225304311095,261.768389405127,118.5765));
#2546=CARTESIAN_POINT('Ctrl Pts',(-101.485343046445,259.510398169899,113.3265));
#2547=CARTESIAN_POINT('Ctrl Pts',(-101.485343046445,259.510398169899,112.667276009554));
#2548=CARTESIAN_POINT('Ctrl Pts',(-101.60497348945,259.565675352482,111.964125819239));
#2549=CARTESIAN_POINT('Ctrl Pts',(-102.09088199319,259.791679177337,110.670640497971));
#2550=CARTESIAN_POINT('Ctrl Pts',(-102.457091100006,259.962543999412,110.080303611939));
#2551=CARTESIAN_POINT('Ctrl Pts',(-103.300599691764,260.359719638806,109.148075189114));
#2552=CARTESIAN_POINT('Ctrl Pts',(-103.83411870914,260.612530480471,108.744038477172));
#2553=CARTESIAN_POINT('Ctrl Pts',(-105.000490110414,261.171813814453,108.208250307622));
#2554=CARTESIAN_POINT('Ctrl Pts',(-105.633276244306,261.478425560545,108.0765));
#2555=CARTESIAN_POINT('Ctrl Pts',(-106.817332377884,262.05835324971,108.0765));
#2556=CARTESIAN_POINT('Ctrl Pts',(-107.447499832585,262.370311633349,108.208250307622));
#2557=CARTESIAN_POINT('Ctrl Pts',(-108.604404385099,262.948923722536,108.744038477172));
#2558=CARTESIAN_POINT('Ctrl Pts',(-109.131210884479,263.215439717882,109.148075189114));
#2559=CARTESIAN_POINT('Ctrl Pts',(-109.962111607696,263.638357228816,110.080303611939));
#2560=CARTESIAN_POINT('Ctrl Pts',(-110.321607504388,263.822928617715,110.670640497971));
#2561=CARTESIAN_POINT('Ctrl Pts',(-110.798047577191,264.068264428152,111.964125819239));
#2562=CARTESIAN_POINT('Ctrl Pts',(-110.915058648747,264.128889661686,112.667276009554));
#2563=CARTESIAN_POINT('Ctrl Pts',(-110.915058648747,264.128889661686,113.985723990446));
#2564=CARTESIAN_POINT('Ctrl Pts',(-110.798047577191,264.068264428152,114.688874180761));
#2565=CARTESIAN_POINT('Ctrl Pts',(-110.321607504388,263.822928617715,115.982359502029));
#2566=CARTESIAN_POINT('Ctrl Pts',(-109.962111607696,263.638357228816,116.572696388061));
#2567=CARTESIAN_POINT('Ctrl Pts',(-109.131210884479,263.215439717882,117.504924810886));
#2568=CARTESIAN_POINT('Ctrl Pts',(-108.604404385099,262.948923722536,117.908961522828));
#2569=CARTESIAN_POINT('Ctrl Pts',(-107.447499832585,262.370311633349,118.444749692377));
#2570=CARTESIAN_POINT('Ctrl Pts',(-106.817332377884,262.05835324971,118.5765));
#2571=CARTESIAN_POINT('Ctrl Pts',(-106.225304311095,261.768389405127,118.5765));
#2572=CARTESIAN_POINT('Ctrl Pts',(-106.225304311095,261.768389405127,118.5765));
#2573=CARTESIAN_POINT('Ctrl Pts',(-105.633276244306,261.478425560545,118.5765));
#2574=CARTESIAN_POINT('Ctrl Pts',(-105.000490110414,261.171813814453,118.444749692378));
#2575=CARTESIAN_POINT('Ctrl Pts',(-103.83411870914,260.612530480471,117.908961522828));
#2576=CARTESIAN_POINT('Ctrl Pts',(-103.300599691764,260.359719638806,117.504924810886));
#2577=CARTESIAN_POINT('Ctrl Pts',(-102.457091100006,259.962543999412,116.572696388061));
#2578=CARTESIAN_POINT('Ctrl Pts',(-102.09088199319,259.791679177337,115.982359502029));
#2579=CARTESIAN_POINT('Ctrl Pts',(-101.60497348945,259.565675352482,114.688874180761));
#2580=CARTESIAN_POINT('Ctrl Pts',(-101.485343046445,259.510398169899,113.985723990446));
#2581=CARTESIAN_POINT('Ctrl Pts',(-101.485343046445,259.510398169899,113.3265));
#2582=CARTESIAN_POINT('',(-106.576384250742,261.051578734277,118.5765));
#2583=CARTESIAN_POINT('Origin',(0.,478.651848258068,155.));
#2584=UNCERTAINTY_MEASURE_WITH_UNIT(LENGTH_MEASURE(0.01),#2588,
'DISTANCE_ACCURACY_VALUE',
'Maximum model space distance between geometric entities at asserted c
onnectivities');
#2585=UNCERTAINTY_MEASURE_WITH_UNIT(LENGTH_MEASURE(0.01),#2588,
'DISTANCE_ACCURACY_VALUE',
'Maximum model space distance between geometric entities at asserted c
onnectivities');
#2586=(
GEOMETRIC_REPRESENTATION_CONTEXT(3)
GLOBAL_UNCERTAINTY_ASSIGNED_CONTEXT((#2584))
GLOBAL_UNIT_ASSIGNED_CONTEXT((#2588,#2590,#2591))
REPRESENTATION_CONTEXT('','3D')
);
#2587=(
GEOMETRIC_REPRESENTATION_CONTEXT(3)
GLOBAL_UNCERTAINTY_ASSIGNED_CONTEXT((#2585))
GLOBAL_UNIT_ASSIGNED_CONTEXT((#2588,#2590,#2591))
REPRESENTATION_CONTEXT('','3D')
);
#2588=(
LENGTH_UNIT()
NAMED_UNIT(*)
SI_UNIT(.MILLI.,.METRE.)
);
#2589=(
LENGTH_UNIT()
NAMED_UNIT(*)
SI_UNIT($,.METRE.)
);
#2590=(
NAMED_UNIT(*)
PLANE_ANGLE_UNIT()
SI_UNIT($,.RADIAN.)
);
#2591=(
NAMED_UNIT(*)
SI_UNIT($,.STERADIAN.)
SOLID_ANGLE_UNIT()
);
#2592=SHAPE_DEFINITION_REPRESENTATION(#2593,#2594);
#2593=PRODUCT_DEFINITION_SHAPE('',$,#2596);
#2594=SHAPE_REPRESENTATION('',(#1075),#2586);
#2595=PRODUCT_DEFINITION_CONTEXT('part definition',#2600,'design');
#2596=PRODUCT_DEFINITION('HUB75 enclosure','HUB75 enclosure v16',#2597,
#2595);
#2597=PRODUCT_DEFINITION_FORMATION('',$,#2602);
#2598=PRODUCT_RELATED_PRODUCT_CATEGORY('HUB75 enclosure v16',
'HUB75 enclosure v16',(#2602));
#2599=APPLICATION_PROTOCOL_DEFINITION('international standard',
'automotive_design',2009,#2600);
#2600=APPLICATION_CONTEXT(
'Core Data for Automotive Mechanical Design Process');
#2601=PRODUCT_CONTEXT('part definition',#2600,'mechanical');
#2602=PRODUCT('HUB75 enclosure','HUB75 enclosure v16',$,(#2601));
#2603=PRESENTATION_STYLE_ASSIGNMENT((#2604));
#2604=SURFACE_STYLE_USAGE(.BOTH.,#2605);
#2605=SURFACE_SIDE_STYLE('',(#2606));
#2606=SURFACE_STYLE_FILL_AREA(#2607);
#2607=FILL_AREA_STYLE('ABS (White)',(#2608));
#2608=FILL_AREA_STYLE_COLOUR('ABS (White)',#2609);
#2609=COLOUR_RGB('ABS (White)',0.964705882352941,0.964705882352941,0.952941176470588);
ENDSEC;
END-ISO-10303-21;
